2025-09-20 13:11:50.206 [main] INFO  fun.sast.ApprovalApplication - Starting ApprovalApplication using Java 23.0.2 with PID 5156 (D:\soc\approval-system-backend\approval-server\target\classes started by Josda in D:\soc\approval-system-backend)
2025-09-20 13:11:50.208 [main] DEBUG fun.sast.ApprovalApplication - Running with Spring Boot v3.5.3, Spring v6.2.8
2025-09-20 13:11:50.209 [main] INFO  fun.sast.ApprovalApplication - No active profile set, falling back to 1 default profile: "default"
2025-09-20 13:11:51.328 [main] INFO  o.s.d.r.config.RepositoryConfigurationDelegate - Multiple Spring Data modules found, entering strict repository configuration mode
2025-09-20 13:11:51.340 [main] INFO  o.s.d.r.config.RepositoryConfigurationDelegate - Bootstrapping Spring Data Redis repositories in DEFAULT mode.
2025-09-20 13:11:51.404 [main] INFO  o.s.d.r.config.RepositoryConfigurationDelegate - Finished Spring Data repository scanning in 38 ms. Found 0 Redis repository interfaces.
2025-09-20 13:11:52.576 [main] INFO  o.s.boot.web.embedded.tomcat.TomcatWebServer - Tomcat initialized with port 9090 (http)
2025-09-20 13:11:52.609 [main] INFO  org.apache.coyote.http11.Http11NioProtocol - Initializing ProtocolHandler ["http-nio-9090"]
2025-09-20 13:11:52.612 [main] INFO  org.apache.catalina.core.StandardService - Starting service [Tomcat]
2025-09-20 13:11:52.618 [main] INFO  org.apache.catalina.core.StandardEngine - Starting Servlet engine: [Apache Tomcat/10.1.42]
2025-09-20 13:11:52.756 [main] INFO  o.a.c.core.ContainerBase.[Tomcat].[localhost].[/] - Initializing Spring embedded WebApplicationContext
2025-09-20 13:11:52.756 [main] INFO  o.s.b.w.s.c.ServletWebServerApplicationContext - Root WebApplicationContext: initialization completed in 2441 ms
2025-09-20 13:11:53.032 [main] INFO  com.zaxxer.hikari.HikariDataSource - HikariPool-1 - Starting...
2025-09-20 13:11:53.626 [main] INFO  com.zaxxer.hikari.pool.HikariPool - HikariPool-1 - Added connection com.mysql.cj.jdbc.ConnectionImpl@3d53e876
2025-09-20 13:11:53.628 [main] INFO  com.zaxxer.hikari.HikariDataSource - HikariPool-1 - Start completed.
2025-09-20 13:11:55.726 [main] INFO  org.apache.coyote.http11.Http11NioProtocol - Starting ProtocolHandler ["http-nio-9090"]
2025-09-20 13:11:55.753 [main] INFO  o.s.boot.web.embedded.tomcat.TomcatWebServer - Tomcat started on port 9090 (http) with context path '/'
2025-09-20 13:11:55.763 [main] INFO  fun.sast.ApprovalApplication - Started ApprovalApplication in 6.42 seconds (process running for 7.69)
2025-09-20 13:11:55.769 [main] INFO  fun.sast.ApprovalApplication - server started
2025-09-20 13:12:04.372 [http-nio-9090-exec-1] INFO  o.a.c.core.ContainerBase.[Tomcat].[localhost].[/] - Initializing Spring DispatcherServlet 'dispatcherServlet'
2025-09-20 13:12:04.372 [http-nio-9090-exec-1] INFO  org.springframework.web.servlet.DispatcherServlet - Initializing Servlet 'dispatcherServlet'
2025-09-20 13:12:04.372 [http-nio-9090-exec-1] INFO  org.springframework.web.servlet.DispatcherServlet - Completed initialization in 0 ms
2025-09-20 13:12:04.468 [http-nio-9090-exec-1] DEBUG fun.sast.mapper.CompetitionMapper.selectList - ==>  Preparing: SELECT id,cover,introduce,is_review,max_team_members,min_team_members,name,reg_begin_time,reg_end_time,review_begin_time,review_end_time,review_settings,submit_begin_time,submit_end_time,`table`,type,user_code,create_time,update_time,create_user,update_user FROM competition WHERE (is_review = ?) ORDER BY id DESC
2025-09-20 13:12:04.482 [http-nio-9090-exec-1] DEBUG fun.sast.mapper.CompetitionMapper.selectList - ==> Parameters: 0(Integer)
2025-09-20 13:12:04.509 [http-nio-9090-exec-1] DEBUG fun.sast.mapper.CompetitionMapper.selectList - <==      Total: 2
2025-09-20 13:14:56.118 [http-nio-9090-exec-8] DEBUG fun.sast.mapper.UserMapper.selectList - ==>  Preparing: SELECT id,dep_id,name,code,password,role,major,contact,create_time,update_time,create_user,update_user,salt FROM user WHERE (code = ?)
2025-09-20 13:14:56.120 [http-nio-9090-exec-8] DEBUG fun.sast.mapper.UserMapper.selectList - ==> Parameters: admin(String)
2025-09-20 13:14:56.124 [http-nio-9090-exec-8] DEBUG fun.sast.mapper.UserMapper.selectList - <==      Total: 1
2025-09-20 13:15:05.390 [http-nio-9090-exec-10] INFO  fun.sast.service.impl.UserServiceImpl - 搜索比赛: 关键词=, 当前页码=1, 每页条数=10
2025-09-20 13:15:05.393 [http-nio-9090-exec-10] DEBUG fun.sast.mapper.CompetitionMapper.selectList - ==>  Preparing: SELECT id,cover,introduce,is_review,max_team_members,min_team_members,name,reg_begin_time,reg_end_time,review_begin_time,review_end_time,review_settings,submit_begin_time,submit_end_time,`table`,type,user_code,create_time,update_time,create_user,update_user FROM competition WHERE (is_review = ?) ORDER BY create_time DESC
2025-09-20 13:15:05.394 [http-nio-9090-exec-10] DEBUG fun.sast.mapper.CompetitionMapper.selectList - ==> Parameters: 0(Integer)
2025-09-20 13:15:05.409 [http-nio-9090-exec-10] DEBUG fun.sast.mapper.CompetitionMapper.selectList - <==      Total: 2
2025-09-20 13:15:05.410 [http-nio-9090-exec-10] INFO  fun.sast.service.impl.UserServiceImpl - 搜索比赛结果: 总条数=0, 总页数=0
2025-09-20 13:57:32.684 [SpringApplicationShutdownHook] INFO  o.s.boot.web.embedded.tomcat.GracefulShutdown - Commencing graceful shutdown. Waiting for active requests to complete
2025-09-20 13:57:32.695 [tomcat-shutdown] INFO  o.s.boot.web.embedded.tomcat.GracefulShutdown - Graceful shutdown complete
2025-09-20 13:57:32.787 [SpringApplicationShutdownHook] INFO  com.zaxxer.hikari.HikariDataSource - HikariPool-1 - Shutdown initiated...
2025-09-20 13:57:32.802 [SpringApplicationShutdownHook] INFO  com.zaxxer.hikari.HikariDataSource - HikariPool-1 - Shutdown completed.
2025-09-20 13:57:40.286 [main] INFO  fun.sast.ApprovalApplication - Starting ApprovalApplication using Java 23.0.2 with PID 22600 (D:\soc\approval-system-backend\approval-server\target\classes started by Josda in D:\soc\approval-system-backend)
2025-09-20 13:57:40.286 [main] DEBUG fun.sast.ApprovalApplication - Running with Spring Boot v3.5.3, Spring v6.2.8
2025-09-20 13:57:40.287 [main] INFO  fun.sast.ApprovalApplication - No active profile set, falling back to 1 default profile: "default"
2025-09-20 13:57:40.764 [main] INFO  o.s.d.r.config.RepositoryConfigurationDelegate - Multiple Spring Data modules found, entering strict repository configuration mode
2025-09-20 13:57:40.766 [main] INFO  o.s.d.r.config.RepositoryConfigurationDelegate - Bootstrapping Spring Data Redis repositories in DEFAULT mode.
2025-09-20 13:57:40.793 [main] INFO  o.s.d.r.config.RepositoryConfigurationDelegate - Finished Spring Data repository scanning in 16 ms. Found 0 Redis repository interfaces.
2025-09-20 13:57:41.254 [main] INFO  o.s.boot.web.embedded.tomcat.TomcatWebServer - Tomcat initialized with port 9090 (http)
2025-09-20 13:57:41.263 [main] INFO  org.apache.coyote.http11.Http11NioProtocol - Initializing ProtocolHandler ["http-nio-9090"]
2025-09-20 13:57:41.264 [main] INFO  org.apache.catalina.core.StandardService - Starting service [Tomcat]
2025-09-20 13:57:41.264 [main] INFO  org.apache.catalina.core.StandardEngine - Starting Servlet engine: [Apache Tomcat/10.1.42]
2025-09-20 13:57:41.323 [main] INFO  o.a.c.core.ContainerBase.[Tomcat].[localhost].[/] - Initializing Spring embedded WebApplicationContext
2025-09-20 13:57:41.324 [main] INFO  o.s.b.w.s.c.ServletWebServerApplicationContext - Root WebApplicationContext: initialization completed in 999 ms
2025-09-20 13:57:41.423 [main] INFO  com.zaxxer.hikari.HikariDataSource - HikariPool-1 - Starting...
2025-09-20 13:57:41.712 [main] INFO  com.zaxxer.hikari.pool.HikariPool - HikariPool-1 - Added connection com.mysql.cj.jdbc.ConnectionImpl@5e3d2765
2025-09-20 13:57:41.713 [main] INFO  com.zaxxer.hikari.HikariDataSource - HikariPool-1 - Start completed.
2025-09-20 13:57:42.733 [main] INFO  org.apache.coyote.http11.Http11NioProtocol - Starting ProtocolHandler ["http-nio-9090"]
2025-09-20 13:57:42.744 [main] INFO  o.s.boot.web.embedded.tomcat.TomcatWebServer - Tomcat started on port 9090 (http) with context path '/'
2025-09-20 13:57:42.751 [main] INFO  fun.sast.ApprovalApplication - Started ApprovalApplication in 2.854 seconds (process running for 3.413)
2025-09-20 13:57:42.754 [main] INFO  fun.sast.ApprovalApplication - server started
2025-09-20 13:58:19.314 [http-nio-9090-exec-7] INFO  o.a.c.core.ContainerBase.[Tomcat].[localhost].[/] - Initializing Spring DispatcherServlet 'dispatcherServlet'
2025-09-20 13:58:19.315 [http-nio-9090-exec-7] INFO  org.springframework.web.servlet.DispatcherServlet - Initializing Servlet 'dispatcherServlet'
2025-09-20 13:58:19.316 [http-nio-9090-exec-7] INFO  org.springframework.web.servlet.DispatcherServlet - Completed initialization in 0 ms
2025-09-20 13:58:19.470 [http-nio-9090-exec-7] DEBUG fun.sast.mapper.UserMapper.selectList - ==>  Preparing: SELECT id,dep_id,name,code,password,role,major,contact,create_time,update_time,create_user,update_user,salt FROM user WHERE (code = ?)
2025-09-20 13:58:19.491 [http-nio-9090-exec-7] DEBUG fun.sast.mapper.UserMapper.selectList - ==> Parameters: admin(String)
2025-09-20 13:58:19.522 [http-nio-9090-exec-7] DEBUG fun.sast.mapper.UserMapper.selectList - <==      Total: 1
2025-09-20 14:02:53.773 [SpringApplicationShutdownHook] INFO  o.s.boot.web.embedded.tomcat.GracefulShutdown - Commencing graceful shutdown. Waiting for active requests to complete
2025-09-20 14:02:53.777 [tomcat-shutdown] INFO  o.s.boot.web.embedded.tomcat.GracefulShutdown - Graceful shutdown complete
2025-09-20 14:02:53.788 [SpringApplicationShutdownHook] INFO  com.zaxxer.hikari.HikariDataSource - HikariPool-1 - Shutdown initiated...
2025-09-20 14:02:53.792 [SpringApplicationShutdownHook] INFO  com.zaxxer.hikari.HikariDataSource - HikariPool-1 - Shutdown completed.
2025-09-20 14:02:58.031 [main] INFO  fun.sast.ApprovalApplication - Starting ApprovalApplication using Java 23.0.2 with PID 29820 (D:\soc\approval-system-backend\approval-server\target\classes started by Josda in D:\soc\approval-system-backend)
2025-09-20 14:02:58.031 [main] DEBUG fun.sast.ApprovalApplication - Running with Spring Boot v3.5.3, Spring v6.2.8
2025-09-20 14:02:58.032 [main] INFO  fun.sast.ApprovalApplication - No active profile set, falling back to 1 default profile: "default"
2025-09-20 14:02:58.461 [main] INFO  o.s.d.r.config.RepositoryConfigurationDelegate - Multiple Spring Data modules found, entering strict repository configuration mode
2025-09-20 14:02:58.462 [main] INFO  o.s.d.r.config.RepositoryConfigurationDelegate - Bootstrapping Spring Data Redis repositories in DEFAULT mode.
2025-09-20 14:02:58.486 [main] INFO  o.s.d.r.config.RepositoryConfigurationDelegate - Finished Spring Data repository scanning in 16 ms. Found 0 Redis repository interfaces.
2025-09-20 14:02:58.894 [main] INFO  o.s.boot.web.embedded.tomcat.TomcatWebServer - Tomcat initialized with port 9090 (http)
2025-09-20 14:02:58.900 [main] INFO  org.apache.coyote.http11.Http11NioProtocol - Initializing ProtocolHandler ["http-nio-9090"]
2025-09-20 14:02:58.902 [main] INFO  org.apache.catalina.core.StandardService - Starting service [Tomcat]
2025-09-20 14:02:58.902 [main] INFO  org.apache.catalina.core.StandardEngine - Starting Servlet engine: [Apache Tomcat/10.1.42]
2025-09-20 14:02:58.957 [main] INFO  o.a.c.core.ContainerBase.[Tomcat].[localhost].[/] - Initializing Spring embedded WebApplicationContext
2025-09-20 14:02:58.957 [main] INFO  o.s.b.w.s.c.ServletWebServerApplicationContext - Root WebApplicationContext: initialization completed in 888 ms
2025-09-20 14:02:59.045 [main] INFO  com.zaxxer.hikari.HikariDataSource - HikariPool-1 - Starting...
2025-09-20 14:02:59.301 [main] INFO  com.zaxxer.hikari.pool.HikariPool - HikariPool-1 - Added connection com.mysql.cj.jdbc.ConnectionImpl@76af34b5
2025-09-20 14:02:59.302 [main] INFO  com.zaxxer.hikari.HikariDataSource - HikariPool-1 - Start completed.
2025-09-20 14:03:00.201 [main] INFO  org.apache.coyote.http11.Http11NioProtocol - Starting ProtocolHandler ["http-nio-9090"]
2025-09-20 14:03:00.216 [main] INFO  o.s.boot.web.embedded.tomcat.TomcatWebServer - Tomcat started on port 9090 (http) with context path '/'
2025-09-20 14:03:00.220 [main] INFO  fun.sast.ApprovalApplication - Started ApprovalApplication in 2.549 seconds (process running for 3.048)
2025-09-20 14:03:00.223 [main] INFO  fun.sast.ApprovalApplication - server started
2025-09-20 14:03:19.901 [http-nio-9090-exec-1] INFO  o.a.c.core.ContainerBase.[Tomcat].[localhost].[/] - Initializing Spring DispatcherServlet 'dispatcherServlet'
2025-09-20 14:03:19.902 [http-nio-9090-exec-1] INFO  org.springframework.web.servlet.DispatcherServlet - Initializing Servlet 'dispatcherServlet'
2025-09-20 14:03:19.903 [http-nio-9090-exec-1] INFO  org.springframework.web.servlet.DispatcherServlet - Completed initialization in 1 ms
2025-09-20 14:03:20.041 [http-nio-9090-exec-1] DEBUG fun.sast.mapper.UserMapper.selectList - ==>  Preparing: SELECT id,dep_id,name,code,password,role,major,contact,create_time,update_time,create_user,update_user,salt FROM user WHERE (code = ?)
2025-09-20 14:03:20.079 [http-nio-9090-exec-1] DEBUG fun.sast.mapper.UserMapper.selectList - ==> Parameters: admin(String)
2025-09-20 14:03:20.111 [http-nio-9090-exec-1] DEBUG fun.sast.mapper.UserMapper.selectList - <==      Total: 1
2025-09-20 14:03:31.013 [http-nio-9090-exec-2] DEBUG fun.sast.mapper.UserMapper.selectList - ==>  Preparing: SELECT id,dep_id,name,code,password,role,major,contact,create_time,update_time,create_user,update_user,salt FROM user WHERE (code = ?)
2025-09-20 14:03:31.013 [http-nio-9090-exec-2] DEBUG fun.sast.mapper.UserMapper.selectList - ==> Parameters: admin(String)
2025-09-20 14:03:31.015 [http-nio-9090-exec-2] DEBUG fun.sast.mapper.UserMapper.selectList - <==      Total: 1
2025-09-20 14:03:34.649 [http-nio-9090-exec-4] DEBUG fun.sast.mapper.UserMapper.selectList - ==>  Preparing: SELECT id,dep_id,name,code,password,role,major,contact,create_time,update_time,create_user,update_user,salt FROM user WHERE (code = ?)
2025-09-20 14:03:34.649 [http-nio-9090-exec-4] DEBUG fun.sast.mapper.UserMapper.selectList - ==> Parameters: admin(String)
2025-09-20 14:03:34.651 [http-nio-9090-exec-4] DEBUG fun.sast.mapper.UserMapper.selectList - <==      Total: 1
2025-09-20 14:32:42.442 [http-nio-9090-exec-6] DEBUG fun.sast.mapper.UserMapper.selectList - ==>  Preparing: SELECT id,dep_id,name,code,password,role,major,contact,create_time,update_time,create_user,update_user,salt FROM user WHERE (code = ?)
2025-09-20 14:32:42.443 [http-nio-9090-exec-6] DEBUG fun.sast.mapper.UserMapper.selectList - ==> Parameters: admin(String)
2025-09-20 14:32:42.446 [http-nio-9090-exec-6] DEBUG fun.sast.mapper.UserMapper.selectList - <==      Total: 1
2025-09-20 14:32:50.184 [http-nio-9090-exec-10] DEBUG fun.sast.mapper.UserMapper.selectList - ==>  Preparing: SELECT id,dep_id,name,code,password,role,major,contact,create_time,update_time,create_user,update_user,salt FROM user WHERE (code = ?)
2025-09-20 14:32:50.184 [http-nio-9090-exec-10] DEBUG fun.sast.mapper.UserMapper.selectList - ==> Parameters: admin(String)
2025-09-20 14:32:50.186 [http-nio-9090-exec-10] DEBUG fun.sast.mapper.UserMapper.selectList - <==      Total: 1
2025-09-20 14:35:49.653 [http-nio-9090-exec-3] DEBUG fun.sast.mapper.UserMapper.selectList - ==>  Preparing: SELECT id,dep_id,name,code,password,role,major,contact,create_time,update_time,create_user,update_user,salt FROM user WHERE (code = ?)
2025-09-20 14:35:49.654 [http-nio-9090-exec-3] DEBUG fun.sast.mapper.UserMapper.selectList - ==> Parameters: admin(String)
2025-09-20 14:35:49.656 [http-nio-9090-exec-3] DEBUG fun.sast.mapper.UserMapper.selectList - <==      Total: 1
2025-09-20 14:55:49.474 [http-nio-9090-exec-2] DEBUG fun.sast.mapper.UserMapper.selectList - ==>  Preparing: SELECT id,dep_id,name,code,password,role,major,contact,create_time,update_time,create_user,update_user,salt FROM user WHERE (code = ?)
2025-09-20 14:55:49.475 [http-nio-9090-exec-2] DEBUG fun.sast.mapper.UserMapper.selectList - ==> Parameters: admin(String)
2025-09-20 14:55:49.476 [http-nio-9090-exec-2] DEBUG fun.sast.mapper.UserMapper.selectList - <==      Total: 1
2025-09-20 14:55:57.116 [http-nio-9090-exec-5] DEBUG fun.sast.mapper.UserMapper.selectList - ==>  Preparing: SELECT id,dep_id,name,code,password,role,major,contact,create_time,update_time,create_user,update_user,salt FROM user WHERE (code = ?)
2025-09-20 14:55:57.116 [http-nio-9090-exec-5] DEBUG fun.sast.mapper.UserMapper.selectList - ==> Parameters: admin(String)
2025-09-20 14:55:57.117 [http-nio-9090-exec-5] DEBUG fun.sast.mapper.UserMapper.selectList - <==      Total: 1
2025-09-20 14:56:11.728 [SpringApplicationShutdownHook] INFO  o.s.boot.web.embedded.tomcat.GracefulShutdown - Commencing graceful shutdown. Waiting for active requests to complete
2025-09-20 14:56:11.735 [tomcat-shutdown] INFO  o.s.boot.web.embedded.tomcat.GracefulShutdown - Graceful shutdown complete
2025-09-20 14:56:11.788 [SpringApplicationShutdownHook] INFO  com.zaxxer.hikari.HikariDataSource - HikariPool-1 - Shutdown initiated...
2025-09-20 14:56:11.791 [SpringApplicationShutdownHook] INFO  com.zaxxer.hikari.HikariDataSource - HikariPool-1 - Shutdown completed.
2025-09-20 14:56:16.899 [main] INFO  fun.sast.ApprovalApplication - Starting ApprovalApplication using Java 23.0.2 with PID 13788 (D:\soc\approval-system-backend\approval-server\target\classes started by Josda in D:\soc\approval-system-backend)
2025-09-20 14:56:16.900 [main] DEBUG fun.sast.ApprovalApplication - Running with Spring Boot v3.5.3, Spring v6.2.8
2025-09-20 14:56:16.900 [main] INFO  fun.sast.ApprovalApplication - No active profile set, falling back to 1 default profile: "default"
2025-09-20 14:56:17.370 [main] INFO  o.s.d.r.config.RepositoryConfigurationDelegate - Multiple Spring Data modules found, entering strict repository configuration mode
2025-09-20 14:56:17.371 [main] INFO  o.s.d.r.config.RepositoryConfigurationDelegate - Bootstrapping Spring Data Redis repositories in DEFAULT mode.
2025-09-20 14:56:17.401 [main] INFO  o.s.d.r.config.RepositoryConfigurationDelegate - Finished Spring Data repository scanning in 19 ms. Found 0 Redis repository interfaces.
2025-09-20 14:56:17.896 [main] INFO  o.s.boot.web.embedded.tomcat.TomcatWebServer - Tomcat initialized with port 9090 (http)
2025-09-20 14:56:17.905 [main] INFO  org.apache.coyote.http11.Http11NioProtocol - Initializing ProtocolHandler ["http-nio-9090"]
2025-09-20 14:56:17.907 [main] INFO  org.apache.catalina.core.StandardService - Starting service [Tomcat]
2025-09-20 14:56:17.907 [main] INFO  org.apache.catalina.core.StandardEngine - Starting Servlet engine: [Apache Tomcat/10.1.42]
2025-09-20 14:56:17.975 [main] INFO  o.a.c.core.ContainerBase.[Tomcat].[localhost].[/] - Initializing Spring embedded WebApplicationContext
2025-09-20 14:56:17.976 [main] INFO  o.s.b.w.s.c.ServletWebServerApplicationContext - Root WebApplicationContext: initialization completed in 1031 ms
2025-09-20 14:56:18.196 [main] INFO  com.zaxxer.hikari.HikariDataSource - HikariPool-1 - Starting...
2025-09-20 14:56:18.470 [main] INFO  com.zaxxer.hikari.pool.HikariPool - HikariPool-1 - Added connection com.mysql.cj.jdbc.ConnectionImpl@370225c7
2025-09-20 14:56:18.471 [main] INFO  com.zaxxer.hikari.HikariDataSource - HikariPool-1 - Start completed.
2025-09-20 14:56:19.453 [main] INFO  org.apache.coyote.http11.Http11NioProtocol - Starting ProtocolHandler ["http-nio-9090"]
2025-09-20 14:56:19.467 [main] INFO  o.s.boot.web.embedded.tomcat.TomcatWebServer - Tomcat started on port 9090 (http) with context path '/'
2025-09-20 14:56:19.472 [main] INFO  fun.sast.ApprovalApplication - Started ApprovalApplication in 2.978 seconds (process running for 3.5)
2025-09-20 14:56:19.475 [main] INFO  fun.sast.ApprovalApplication - server started
2025-09-20 14:56:26.643 [http-nio-9090-exec-2] INFO  o.a.c.core.ContainerBase.[Tomcat].[localhost].[/] - Initializing Spring DispatcherServlet 'dispatcherServlet'
2025-09-20 14:56:26.643 [http-nio-9090-exec-2] INFO  org.springframework.web.servlet.DispatcherServlet - Initializing Servlet 'dispatcherServlet'
2025-09-20 14:56:26.644 [http-nio-9090-exec-2] INFO  org.springframework.web.servlet.DispatcherServlet - Completed initialization in 0 ms
2025-09-20 14:56:26.719 [http-nio-9090-exec-2] DEBUG fun.sast.mapper.UserMapper.selectList - ==>  Preparing: SELECT id,dep_id,name,code,password,role,major,contact,create_time,update_time,create_user,update_user,salt FROM user WHERE (code = ?)
2025-09-20 14:56:26.732 [http-nio-9090-exec-2] DEBUG fun.sast.mapper.UserMapper.selectList - ==> Parameters: admin(String)
2025-09-20 14:56:26.754 [http-nio-9090-exec-2] DEBUG fun.sast.mapper.UserMapper.selectList - <==      Total: 1
2025-09-20 14:59:01.629 [http-nio-9090-exec-5] DEBUG fun.sast.mapper.UserMapper.selectList - ==>  Preparing: SELECT id,dep_id,name,code,password,role,major,contact,create_time,update_time,create_user,update_user,salt FROM user WHERE (code = ?)
2025-09-20 14:59:01.630 [http-nio-9090-exec-5] DEBUG fun.sast.mapper.UserMapper.selectList - ==> Parameters: admin(String)
2025-09-20 14:59:01.631 [http-nio-9090-exec-5] DEBUG fun.sast.mapper.UserMapper.selectList - <==      Total: 1
2025-09-20 15:04:21.228 [SpringApplicationShutdownHook] INFO  o.s.boot.web.embedded.tomcat.GracefulShutdown - Commencing graceful shutdown. Waiting for active requests to complete
2025-09-20 15:04:21.237 [tomcat-shutdown] INFO  o.s.boot.web.embedded.tomcat.GracefulShutdown - Graceful shutdown complete
2025-09-20 15:04:21.256 [SpringApplicationShutdownHook] INFO  com.zaxxer.hikari.HikariDataSource - HikariPool-1 - Shutdown initiated...
2025-09-20 15:04:21.262 [SpringApplicationShutdownHook] INFO  com.zaxxer.hikari.HikariDataSource - HikariPool-1 - Shutdown completed.
2025-09-20 15:04:23.476 [main] INFO  fun.sast.ApprovalApplication - Starting ApprovalApplication using Java 23.0.2 with PID 33152 (D:\soc\approval-system-backend\approval-server\target\classes started by Josda in D:\soc\approval-system-backend)
2025-09-20 15:04:23.477 [main] DEBUG fun.sast.ApprovalApplication - Running with Spring Boot v3.5.3, Spring v6.2.8
2025-09-20 15:04:23.477 [main] INFO  fun.sast.ApprovalApplication - No active profile set, falling back to 1 default profile: "default"
2025-09-20 15:04:23.940 [main] INFO  o.s.d.r.config.RepositoryConfigurationDelegate - Multiple Spring Data modules found, entering strict repository configuration mode
2025-09-20 15:04:23.941 [main] INFO  o.s.d.r.config.RepositoryConfigurationDelegate - Bootstrapping Spring Data Redis repositories in DEFAULT mode.
2025-09-20 15:04:23.965 [main] INFO  o.s.d.r.config.RepositoryConfigurationDelegate - Finished Spring Data repository scanning in 16 ms. Found 0 Redis repository interfaces.
2025-09-20 15:04:24.366 [main] INFO  o.s.boot.web.embedded.tomcat.TomcatWebServer - Tomcat initialized with port 9090 (http)
2025-09-20 15:04:24.377 [main] INFO  org.apache.coyote.http11.Http11NioProtocol - Initializing ProtocolHandler ["http-nio-9090"]
2025-09-20 15:04:24.379 [main] INFO  org.apache.catalina.core.StandardService - Starting service [Tomcat]
2025-09-20 15:04:24.379 [main] INFO  org.apache.catalina.core.StandardEngine - Starting Servlet engine: [Apache Tomcat/10.1.42]
2025-09-20 15:04:24.432 [main] INFO  o.a.c.core.ContainerBase.[Tomcat].[localhost].[/] - Initializing Spring embedded WebApplicationContext
2025-09-20 15:04:24.433 [main] INFO  o.s.b.w.s.c.ServletWebServerApplicationContext - Root WebApplicationContext: initialization completed in 914 ms
2025-09-20 15:04:24.615 [main] INFO  com.zaxxer.hikari.HikariDataSource - HikariPool-1 - Starting...
2025-09-20 15:04:24.811 [main] INFO  com.zaxxer.hikari.pool.HikariPool - HikariPool-1 - Added connection com.mysql.cj.jdbc.ConnectionImpl@2a5c6b76
2025-09-20 15:04:24.812 [main] INFO  com.zaxxer.hikari.HikariDataSource - HikariPool-1 - Start completed.
2025-09-20 15:04:25.787 [main] INFO  org.apache.coyote.http11.Http11NioProtocol - Starting ProtocolHandler ["http-nio-9090"]
2025-09-20 15:04:25.800 [main] INFO  o.s.boot.web.embedded.tomcat.TomcatWebServer - Tomcat started on port 9090 (http) with context path '/'
2025-09-20 15:04:25.804 [main] INFO  fun.sast.ApprovalApplication - Started ApprovalApplication in 2.688 seconds (process running for 3.172)
2025-09-20 15:04:25.806 [main] INFO  fun.sast.ApprovalApplication - server started
2025-09-20 15:04:33.807 [http-nio-9090-exec-1] INFO  o.a.c.core.ContainerBase.[Tomcat].[localhost].[/] - Initializing Spring DispatcherServlet 'dispatcherServlet'
2025-09-20 15:04:33.807 [http-nio-9090-exec-1] INFO  org.springframework.web.servlet.DispatcherServlet - Initializing Servlet 'dispatcherServlet'
2025-09-20 15:04:33.809 [http-nio-9090-exec-1] INFO  org.springframework.web.servlet.DispatcherServlet - Completed initialization in 2 ms
2025-09-20 15:04:33.891 [http-nio-9090-exec-1] DEBUG fun.sast.mapper.UserMapper.selectList - ==>  Preparing: SELECT id,dep_id,name,code,password,role,major,contact,create_time,update_time,create_user,update_user,salt FROM user WHERE (code = ?)
2025-09-20 15:04:33.904 [http-nio-9090-exec-1] DEBUG fun.sast.mapper.UserMapper.selectList - ==> Parameters: admin(String)
2025-09-20 15:04:33.921 [http-nio-9090-exec-1] DEBUG fun.sast.mapper.UserMapper.selectList - <==      Total: 1
2025-09-20 15:09:15.398 [http-nio-9090-exec-5] DEBUG fun.sast.mapper.UserMapper.selectList - ==>  Preparing: SELECT id,dep_id,name,code,password,role,major,contact,create_time,update_time,create_user,update_user,salt FROM user WHERE (code = ?)
2025-09-20 15:09:15.399 [http-nio-9090-exec-5] DEBUG fun.sast.mapper.UserMapper.selectList - ==> Parameters: admin(String)
2025-09-20 15:09:15.400 [http-nio-9090-exec-5] DEBUG fun.sast.mapper.UserMapper.selectList - <==      Total: 1
2025-09-20 15:09:22.092 [SpringApplicationShutdownHook] INFO  o.s.boot.web.embedded.tomcat.GracefulShutdown - Commencing graceful shutdown. Waiting for active requests to complete
2025-09-20 15:09:22.097 [tomcat-shutdown] INFO  o.s.boot.web.embedded.tomcat.GracefulShutdown - Graceful shutdown complete
2025-09-20 15:09:22.115 [SpringApplicationShutdownHook] INFO  com.zaxxer.hikari.HikariDataSource - HikariPool-1 - Shutdown initiated...
2025-09-20 15:09:22.118 [SpringApplicationShutdownHook] INFO  com.zaxxer.hikari.HikariDataSource - HikariPool-1 - Shutdown completed.
2025-09-20 15:09:26.667 [main] INFO  fun.sast.ApprovalApplication - Starting ApprovalApplication using Java 23.0.2 with PID 33496 (D:\soc\approval-system-backend\approval-server\target\classes started by Josda in D:\soc\approval-system-backend)
2025-09-20 15:09:26.668 [main] DEBUG fun.sast.ApprovalApplication - Running with Spring Boot v3.5.3, Spring v6.2.8
2025-09-20 15:09:26.668 [main] INFO  fun.sast.ApprovalApplication - No active profile set, falling back to 1 default profile: "default"
2025-09-20 15:09:27.100 [main] INFO  o.s.d.r.config.RepositoryConfigurationDelegate - Multiple Spring Data modules found, entering strict repository configuration mode
2025-09-20 15:09:27.102 [main] INFO  o.s.d.r.config.RepositoryConfigurationDelegate - Bootstrapping Spring Data Redis repositories in DEFAULT mode.
2025-09-20 15:09:27.125 [main] INFO  o.s.d.r.config.RepositoryConfigurationDelegate - Finished Spring Data repository scanning in 16 ms. Found 0 Redis repository interfaces.
2025-09-20 15:09:27.552 [main] INFO  o.s.boot.web.embedded.tomcat.TomcatWebServer - Tomcat initialized with port 9090 (http)
2025-09-20 15:09:27.560 [main] INFO  org.apache.coyote.http11.Http11NioProtocol - Initializing ProtocolHandler ["http-nio-9090"]
2025-09-20 15:09:27.560 [main] INFO  org.apache.catalina.core.StandardService - Starting service [Tomcat]
2025-09-20 15:09:27.561 [main] INFO  org.apache.catalina.core.StandardEngine - Starting Servlet engine: [Apache Tomcat/10.1.42]
2025-09-20 15:09:27.616 [main] INFO  o.a.c.core.ContainerBase.[Tomcat].[localhost].[/] - Initializing Spring embedded WebApplicationContext
2025-09-20 15:09:27.617 [main] INFO  o.s.b.w.s.c.ServletWebServerApplicationContext - Root WebApplicationContext: initialization completed in 909 ms
2025-09-20 15:09:27.793 [main] INFO  com.zaxxer.hikari.HikariDataSource - HikariPool-1 - Starting...
2025-09-20 15:09:28.006 [main] INFO  com.zaxxer.hikari.pool.HikariPool - HikariPool-1 - Added connection com.mysql.cj.jdbc.ConnectionImpl@156324b
2025-09-20 15:09:28.009 [main] INFO  com.zaxxer.hikari.HikariDataSource - HikariPool-1 - Start completed.
2025-09-20 15:09:28.821 [main] INFO  org.apache.coyote.http11.Http11NioProtocol - Starting ProtocolHandler ["http-nio-9090"]
2025-09-20 15:09:28.834 [main] INFO  o.s.boot.web.embedded.tomcat.TomcatWebServer - Tomcat started on port 9090 (http) with context path '/'
2025-09-20 15:09:28.838 [main] INFO  fun.sast.ApprovalApplication - Started ApprovalApplication in 2.53 seconds (process running for 3.009)
2025-09-20 15:09:28.841 [main] INFO  fun.sast.ApprovalApplication - server started
2025-09-20 15:09:32.168 [http-nio-9090-exec-1] INFO  o.a.c.core.ContainerBase.[Tomcat].[localhost].[/] - Initializing Spring DispatcherServlet 'dispatcherServlet'
2025-09-20 15:09:32.168 [http-nio-9090-exec-1] INFO  org.springframework.web.servlet.DispatcherServlet - Initializing Servlet 'dispatcherServlet'
2025-09-20 15:09:32.169 [http-nio-9090-exec-1] INFO  org.springframework.web.servlet.DispatcherServlet - Completed initialization in 1 ms
2025-09-20 15:09:32.236 [http-nio-9090-exec-1] DEBUG fun.sast.mapper.UserMapper.selectList - ==>  Preparing: SELECT id,dep_id,name,code,password,role,major,contact,create_time,update_time,create_user,update_user,salt FROM user WHERE (code = ?)
2025-09-20 15:09:32.249 [http-nio-9090-exec-1] DEBUG fun.sast.mapper.UserMapper.selectList - ==> Parameters: admin(String)
2025-09-20 15:09:32.267 [http-nio-9090-exec-1] DEBUG fun.sast.mapper.UserMapper.selectList - <==      Total: 1
2025-09-20 15:23:12.220 [SpringApplicationShutdownHook] INFO  o.s.boot.web.embedded.tomcat.GracefulShutdown - Commencing graceful shutdown. Waiting for active requests to complete
2025-09-20 15:23:12.228 [tomcat-shutdown] INFO  o.s.boot.web.embedded.tomcat.GracefulShutdown - Graceful shutdown complete
2025-09-20 15:23:12.245 [SpringApplicationShutdownHook] INFO  com.zaxxer.hikari.HikariDataSource - HikariPool-1 - Shutdown initiated...
2025-09-20 15:23:12.249 [SpringApplicationShutdownHook] INFO  com.zaxxer.hikari.HikariDataSource - HikariPool-1 - Shutdown completed.
2025-09-20 15:23:18.694 [main] INFO  fun.sast.ApprovalApplication - Starting ApprovalApplication using Java 23.0.2 with PID 19048 (D:\soc\approval-system-backend\approval-server\target\classes started by Josda in D:\soc\approval-system-backend)
2025-09-20 15:23:18.694 [main] DEBUG fun.sast.ApprovalApplication - Running with Spring Boot v3.5.3, Spring v6.2.8
2025-09-20 15:23:18.694 [main] INFO  fun.sast.ApprovalApplication - No active profile set, falling back to 1 default profile: "default"
2025-09-20 15:23:19.183 [main] INFO  o.s.d.r.config.RepositoryConfigurationDelegate - Multiple Spring Data modules found, entering strict repository configuration mode
2025-09-20 15:23:19.185 [main] INFO  o.s.d.r.config.RepositoryConfigurationDelegate - Bootstrapping Spring Data Redis repositories in DEFAULT mode.
2025-09-20 15:23:19.210 [main] INFO  o.s.d.r.config.RepositoryConfigurationDelegate - Finished Spring Data repository scanning in 16 ms. Found 0 Redis repository interfaces.
2025-09-20 15:23:19.690 [main] INFO  o.s.boot.web.embedded.tomcat.TomcatWebServer - Tomcat initialized with port 9090 (http)
2025-09-20 15:23:19.699 [main] INFO  org.apache.coyote.http11.Http11NioProtocol - Initializing ProtocolHandler ["http-nio-9090"]
2025-09-20 15:23:19.700 [main] INFO  org.apache.catalina.core.StandardService - Starting service [Tomcat]
2025-09-20 15:23:19.700 [main] INFO  org.apache.catalina.core.StandardEngine - Starting Servlet engine: [Apache Tomcat/10.1.42]
2025-09-20 15:23:19.772 [main] INFO  o.a.c.core.ContainerBase.[Tomcat].[localhost].[/] - Initializing Spring embedded WebApplicationContext
2025-09-20 15:23:19.772 [main] INFO  o.s.b.w.s.c.ServletWebServerApplicationContext - Root WebApplicationContext: initialization completed in 1038 ms
2025-09-20 15:23:19.970 [main] INFO  com.zaxxer.hikari.HikariDataSource - HikariPool-1 - Starting...
2025-09-20 15:23:20.247 [main] INFO  com.zaxxer.hikari.pool.HikariPool - HikariPool-1 - Added connection com.mysql.cj.jdbc.ConnectionImpl@7019d619
2025-09-20 15:23:20.248 [main] INFO  com.zaxxer.hikari.HikariDataSource - HikariPool-1 - Start completed.
2025-09-20 15:23:21.127 [main] INFO  org.apache.coyote.http11.Http11NioProtocol - Starting ProtocolHandler ["http-nio-9090"]
2025-09-20 15:23:21.142 [main] INFO  o.s.boot.web.embedded.tomcat.TomcatWebServer - Tomcat started on port 9090 (http) with context path '/'
2025-09-20 15:23:21.147 [main] INFO  fun.sast.ApprovalApplication - Started ApprovalApplication in 2.89 seconds (process running for 3.45)
2025-09-20 15:23:21.150 [main] INFO  fun.sast.ApprovalApplication - server started
2025-09-20 15:23:27.494 [http-nio-9090-exec-2] INFO  o.a.c.core.ContainerBase.[Tomcat].[localhost].[/] - Initializing Spring DispatcherServlet 'dispatcherServlet'
2025-09-20 15:23:27.494 [http-nio-9090-exec-2] INFO  org.springframework.web.servlet.DispatcherServlet - Initializing Servlet 'dispatcherServlet'
2025-09-20 15:23:27.496 [http-nio-9090-exec-2] INFO  org.springframework.web.servlet.DispatcherServlet - Completed initialization in 2 ms
2025-09-20 15:23:27.597 [http-nio-9090-exec-2] DEBUG fun.sast.mapper.UserMapper.selectList - ==>  Preparing: SELECT id,dep_id,name,code,password,role,major,contact,create_time,update_time,create_user,update_user,salt FROM user WHERE (code = ?)
2025-09-20 15:23:27.609 [http-nio-9090-exec-2] DEBUG fun.sast.mapper.UserMapper.selectList - ==> Parameters: admin(String)
2025-09-20 15:23:27.625 [http-nio-9090-exec-2] DEBUG fun.sast.mapper.UserMapper.selectList - <==      Total: 1
2025-09-20 15:38:32.317 [SpringApplicationShutdownHook] INFO  o.s.boot.web.embedded.tomcat.GracefulShutdown - Commencing graceful shutdown. Waiting for active requests to complete
2025-09-20 15:38:32.323 [tomcat-shutdown] INFO  o.s.boot.web.embedded.tomcat.GracefulShutdown - Graceful shutdown complete
2025-09-20 15:38:32.338 [SpringApplicationShutdownHook] INFO  com.zaxxer.hikari.HikariDataSource - HikariPool-1 - Shutdown initiated...
2025-09-20 15:38:32.342 [SpringApplicationShutdownHook] INFO  com.zaxxer.hikari.HikariDataSource - HikariPool-1 - Shutdown completed.
2025-09-20 15:38:35.581 [main] INFO  fun.sast.ApprovalApplication - Starting ApprovalApplication using Java 23.0.2 with PID 24388 (D:\soc\approval-system-backend\approval-server\target\classes started by Josda in D:\soc\approval-system-backend)
2025-09-20 15:38:35.582 [main] DEBUG fun.sast.ApprovalApplication - Running with Spring Boot v3.5.3, Spring v6.2.8
2025-09-20 15:38:35.582 [main] INFO  fun.sast.ApprovalApplication - No active profile set, falling back to 1 default profile: "default"
2025-09-20 15:38:36.023 [main] INFO  o.s.d.r.config.RepositoryConfigurationDelegate - Multiple Spring Data modules found, entering strict repository configuration mode
2025-09-20 15:38:36.024 [main] INFO  o.s.d.r.config.RepositoryConfigurationDelegate - Bootstrapping Spring Data Redis repositories in DEFAULT mode.
2025-09-20 15:38:36.047 [main] INFO  o.s.d.r.config.RepositoryConfigurationDelegate - Finished Spring Data repository scanning in 15 ms. Found 0 Redis repository interfaces.
2025-09-20 15:38:36.537 [main] INFO  o.s.boot.web.embedded.tomcat.TomcatWebServer - Tomcat initialized with port 9090 (http)
2025-09-20 15:38:36.545 [main] INFO  org.apache.coyote.http11.Http11NioProtocol - Initializing ProtocolHandler ["http-nio-9090"]
2025-09-20 15:38:36.546 [main] INFO  org.apache.catalina.core.StandardService - Starting service [Tomcat]
2025-09-20 15:38:36.546 [main] INFO  org.apache.catalina.core.StandardEngine - Starting Servlet engine: [Apache Tomcat/10.1.42]
2025-09-20 15:38:36.600 [main] INFO  o.a.c.core.ContainerBase.[Tomcat].[localhost].[/] - Initializing Spring embedded WebApplicationContext
2025-09-20 15:38:36.600 [main] INFO  o.s.b.w.s.c.ServletWebServerApplicationContext - Root WebApplicationContext: initialization completed in 979 ms
2025-09-20 15:38:36.769 [main] INFO  com.zaxxer.hikari.HikariDataSource - HikariPool-1 - Starting...
2025-09-20 15:38:37.003 [main] INFO  com.zaxxer.hikari.pool.HikariPool - HikariPool-1 - Added connection com.mysql.cj.jdbc.ConnectionImpl@6cd7f381
2025-09-20 15:38:37.004 [main] INFO  com.zaxxer.hikari.HikariDataSource - HikariPool-1 - Start completed.
2025-09-20 15:38:37.809 [main] INFO  org.apache.coyote.http11.Http11NioProtocol - Starting ProtocolHandler ["http-nio-9090"]
2025-09-20 15:38:37.822 [main] INFO  o.s.boot.web.embedded.tomcat.TomcatWebServer - Tomcat started on port 9090 (http) with context path '/'
2025-09-20 15:38:37.827 [main] INFO  fun.sast.ApprovalApplication - Started ApprovalApplication in 2.635 seconds (process running for 3.168)
2025-09-20 15:38:37.829 [main] INFO  fun.sast.ApprovalApplication - server started
2025-09-20 15:38:38.616 [http-nio-9090-exec-1] INFO  o.a.c.core.ContainerBase.[Tomcat].[localhost].[/] - Initializing Spring DispatcherServlet 'dispatcherServlet'
2025-09-20 15:38:38.616 [http-nio-9090-exec-1] INFO  org.springframework.web.servlet.DispatcherServlet - Initializing Servlet 'dispatcherServlet'
2025-09-20 15:38:38.618 [http-nio-9090-exec-1] INFO  org.springframework.web.servlet.DispatcherServlet - Completed initialization in 1 ms
2025-09-20 15:38:38.688 [http-nio-9090-exec-1] DEBUG fun.sast.mapper.UserMapper.selectList - ==>  Preparing: SELECT id,dep_id,name,code,password,role,major,contact,create_time,update_time,create_user,update_user,salt FROM user WHERE (code = ?)
2025-09-20 15:38:38.706 [http-nio-9090-exec-1] DEBUG fun.sast.mapper.UserMapper.selectList - ==> Parameters: admin(String)
2025-09-20 15:38:38.724 [http-nio-9090-exec-1] DEBUG fun.sast.mapper.UserMapper.selectList - <==      Total: 1
2025-09-20 15:39:05.064 [http-nio-9090-exec-3] DEBUG fun.sast.mapper.UserMapper.selectList - ==>  Preparing: SELECT id,dep_id,name,code,password,role,major,contact,create_time,update_time,create_user,update_user,salt FROM user WHERE (code = ?)
2025-09-20 15:39:05.065 [http-nio-9090-exec-3] DEBUG fun.sast.mapper.UserMapper.selectList - ==> Parameters: admin(String)
2025-09-20 15:39:05.067 [http-nio-9090-exec-3] DEBUG fun.sast.mapper.UserMapper.selectList - <==      Total: 1
2025-09-20 15:39:14.589 [http-nio-9090-exec-4] DEBUG fun.sast.mapper.UserMapper.selectList - ==>  Preparing: SELECT id,dep_id,name,code,password,role,major,contact,create_time,update_time,create_user,update_user,salt FROM user WHERE (code = ?)
2025-09-20 15:39:14.589 [http-nio-9090-exec-4] DEBUG fun.sast.mapper.UserMapper.selectList - ==> Parameters: admin(String)
2025-09-20 15:39:14.590 [http-nio-9090-exec-4] DEBUG fun.sast.mapper.UserMapper.selectList - <==      Total: 1
2025-09-20 15:43:32.776 [SpringApplicationShutdownHook] INFO  o.s.boot.web.embedded.tomcat.GracefulShutdown - Commencing graceful shutdown. Waiting for active requests to complete
2025-09-20 15:43:32.780 [tomcat-shutdown] INFO  o.s.boot.web.embedded.tomcat.GracefulShutdown - Graceful shutdown complete
2025-09-20 15:43:32.792 [SpringApplicationShutdownHook] INFO  com.zaxxer.hikari.HikariDataSource - HikariPool-1 - Shutdown initiated...
2025-09-20 15:43:32.796 [SpringApplicationShutdownHook] INFO  com.zaxxer.hikari.HikariDataSource - HikariPool-1 - Shutdown completed.
2025-09-20 15:45:41.316 [main] INFO  fun.sast.ApprovalApplication - Starting ApprovalApplication using Java 23.0.2 with PID 37828 (D:\soc\approval-system-backend\approval-server\target\classes started by Josda in D:\soc\approval-system-backend)
2025-09-20 15:45:41.317 [main] DEBUG fun.sast.ApprovalApplication - Running with Spring Boot v3.5.3, Spring v6.2.8
2025-09-20 15:45:41.318 [main] INFO  fun.sast.ApprovalApplication - No active profile set, falling back to 1 default profile: "default"
2025-09-20 15:45:41.824 [main] INFO  o.s.d.r.config.RepositoryConfigurationDelegate - Multiple Spring Data modules found, entering strict repository configuration mode
2025-09-20 15:45:41.827 [main] INFO  o.s.d.r.config.RepositoryConfigurationDelegate - Bootstrapping Spring Data Redis repositories in DEFAULT mode.
2025-09-20 15:45:41.851 [main] INFO  o.s.d.r.config.RepositoryConfigurationDelegate - Finished Spring Data repository scanning in 17 ms. Found 0 Redis repository interfaces.
2025-09-20 15:45:42.271 [main] INFO  o.s.boot.web.embedded.tomcat.TomcatWebServer - Tomcat initialized with port 9090 (http)
2025-09-20 15:45:42.279 [main] INFO  org.apache.coyote.http11.Http11NioProtocol - Initializing ProtocolHandler ["http-nio-9090"]
2025-09-20 15:45:42.279 [main] INFO  org.apache.catalina.core.StandardService - Starting service [Tomcat]
2025-09-20 15:45:42.280 [main] INFO  org.apache.catalina.core.StandardEngine - Starting Servlet engine: [Apache Tomcat/10.1.42]
2025-09-20 15:45:42.353 [main] INFO  o.a.c.core.ContainerBase.[Tomcat].[localhost].[/] - Initializing Spring embedded WebApplicationContext
2025-09-20 15:45:42.353 [main] INFO  o.s.b.w.s.c.ServletWebServerApplicationContext - Root WebApplicationContext: initialization completed in 990 ms
2025-09-20 15:45:42.549 [main] INFO  com.zaxxer.hikari.HikariDataSource - HikariPool-1 - Starting...
2025-09-20 15:45:42.750 [main] INFO  com.zaxxer.hikari.pool.HikariPool - HikariPool-1 - Added connection com.mysql.cj.jdbc.ConnectionImpl@156324b
2025-09-20 15:45:42.751 [main] INFO  com.zaxxer.hikari.HikariDataSource - HikariPool-1 - Start completed.
2025-09-20 15:45:43.632 [main] INFO  org.apache.coyote.http11.Http11NioProtocol - Starting ProtocolHandler ["http-nio-9090"]
2025-09-20 15:45:43.644 [main] INFO  o.s.boot.web.embedded.tomcat.TomcatWebServer - Tomcat started on port 9090 (http) with context path '/'
2025-09-20 15:45:43.650 [main] INFO  fun.sast.ApprovalApplication - Started ApprovalApplication in 2.724 seconds (process running for 3.227)
2025-09-20 15:45:43.652 [main] INFO  fun.sast.ApprovalApplication - server started
2025-09-20 15:45:54.615 [http-nio-9090-exec-3] INFO  o.a.c.core.ContainerBase.[Tomcat].[localhost].[/] - Initializing Spring DispatcherServlet 'dispatcherServlet'
2025-09-20 15:45:54.615 [http-nio-9090-exec-3] INFO  org.springframework.web.servlet.DispatcherServlet - Initializing Servlet 'dispatcherServlet'
2025-09-20 15:45:54.616 [http-nio-9090-exec-3] INFO  org.springframework.web.servlet.DispatcherServlet - Completed initialization in 1 ms
2025-09-20 15:45:54.734 [http-nio-9090-exec-3] DEBUG fun.sast.mapper.UserMapper.selectList - ==>  Preparing: SELECT id,dep_id,name,code,password,role,major,contact,create_time,update_time,create_user,update_user,salt FROM user WHERE (code = ?)
2025-09-20 15:45:54.747 [http-nio-9090-exec-3] DEBUG fun.sast.mapper.UserMapper.selectList - ==> Parameters: admin(String)
2025-09-20 15:45:54.765 [http-nio-9090-exec-3] DEBUG fun.sast.mapper.UserMapper.selectList - <==      Total: 1
2025-09-20 15:53:24.179 [SpringApplicationShutdownHook] INFO  o.s.boot.web.embedded.tomcat.GracefulShutdown - Commencing graceful shutdown. Waiting for active requests to complete
2025-09-20 15:53:24.189 [tomcat-shutdown] INFO  o.s.boot.web.embedded.tomcat.GracefulShutdown - Graceful shutdown complete
2025-09-20 15:53:24.205 [SpringApplicationShutdownHook] INFO  com.zaxxer.hikari.HikariDataSource - HikariPool-1 - Shutdown initiated...
2025-09-20 15:53:24.211 [SpringApplicationShutdownHook] INFO  com.zaxxer.hikari.HikariDataSource - HikariPool-1 - Shutdown completed.
2025-09-20 15:57:50.421 [main] INFO  fun.sast.ApprovalApplication - Starting ApprovalApplication using Java 23.0.2 with PID 23088 (D:\soc\approval-system-backend\approval-server\target\classes started by Josda in D:\soc\approval-system-backend)
2025-09-20 15:57:50.421 [main] DEBUG fun.sast.ApprovalApplication - Running with Spring Boot v3.5.3, Spring v6.2.8
2025-09-20 15:57:50.422 [main] INFO  fun.sast.ApprovalApplication - No active profile set, falling back to 1 default profile: "default"
2025-09-20 15:57:50.853 [main] INFO  o.s.d.r.config.RepositoryConfigurationDelegate - Multiple Spring Data modules found, entering strict repository configuration mode
2025-09-20 15:57:50.854 [main] INFO  o.s.d.r.config.RepositoryConfigurationDelegate - Bootstrapping Spring Data Redis repositories in DEFAULT mode.
2025-09-20 15:57:50.878 [main] INFO  o.s.d.r.config.RepositoryConfigurationDelegate - Finished Spring Data repository scanning in 15 ms. Found 0 Redis repository interfaces.
2025-09-20 15:57:51.294 [main] INFO  o.s.boot.web.embedded.tomcat.TomcatWebServer - Tomcat initialized with port 9090 (http)
2025-09-20 15:57:51.302 [main] INFO  org.apache.coyote.http11.Http11NioProtocol - Initializing ProtocolHandler ["http-nio-9090"]
2025-09-20 15:57:51.303 [main] INFO  org.apache.catalina.core.StandardService - Starting service [Tomcat]
2025-09-20 15:57:51.303 [main] INFO  org.apache.catalina.core.StandardEngine - Starting Servlet engine: [Apache Tomcat/10.1.42]
2025-09-20 15:57:51.360 [main] INFO  o.a.c.core.ContainerBase.[Tomcat].[localhost].[/] - Initializing Spring embedded WebApplicationContext
2025-09-20 15:57:51.361 [main] INFO  o.s.b.w.s.c.ServletWebServerApplicationContext - Root WebApplicationContext: initialization completed in 897 ms
2025-09-20 15:57:51.528 [main] INFO  com.zaxxer.hikari.HikariDataSource - HikariPool-1 - Starting...
2025-09-20 15:57:51.741 [main] INFO  com.zaxxer.hikari.pool.HikariPool - HikariPool-1 - Added connection com.mysql.cj.jdbc.ConnectionImpl@3cf4dec7
2025-09-20 15:57:51.741 [main] INFO  com.zaxxer.hikari.HikariDataSource - HikariPool-1 - Start completed.
2025-09-20 15:57:52.606 [main] INFO  org.apache.coyote.http11.Http11NioProtocol - Starting ProtocolHandler ["http-nio-9090"]
2025-09-20 15:57:52.618 [main] INFO  o.s.boot.web.embedded.tomcat.TomcatWebServer - Tomcat started on port 9090 (http) with context path '/'
2025-09-20 15:57:52.622 [main] INFO  fun.sast.ApprovalApplication - Started ApprovalApplication in 2.61 seconds (process running for 3.106)
2025-09-20 15:57:52.624 [main] INFO  fun.sast.ApprovalApplication - server started
2025-09-20 15:58:33.905 [http-nio-9090-exec-3] INFO  o.a.c.core.ContainerBase.[Tomcat].[localhost].[/] - Initializing Spring DispatcherServlet 'dispatcherServlet'
2025-09-20 15:58:33.906 [http-nio-9090-exec-3] INFO  org.springframework.web.servlet.DispatcherServlet - Initializing Servlet 'dispatcherServlet'
2025-09-20 15:58:33.906 [http-nio-9090-exec-3] INFO  org.springframework.web.servlet.DispatcherServlet - Completed initialization in 0 ms
2025-09-20 15:58:33.975 [http-nio-9090-exec-3] DEBUG fun.sast.mapper.UserMapper.selectList - ==>  Preparing: SELECT id,dep_id,name,code,password,role,major,contact,create_time,update_time,create_user,update_user,salt FROM user WHERE (code = ?)
2025-09-20 15:58:33.989 [http-nio-9090-exec-3] DEBUG fun.sast.mapper.UserMapper.selectList - ==> Parameters: admin(String)
2025-09-20 15:58:34.017 [http-nio-9090-exec-3] DEBUG fun.sast.mapper.UserMapper.selectList - <==      Total: 1
2025-09-20 16:04:44.484 [SpringApplicationShutdownHook] INFO  o.s.boot.web.embedded.tomcat.GracefulShutdown - Commencing graceful shutdown. Waiting for active requests to complete
2025-09-20 16:04:44.497 [tomcat-shutdown] INFO  o.s.boot.web.embedded.tomcat.GracefulShutdown - Graceful shutdown complete
2025-09-20 16:04:44.532 [SpringApplicationShutdownHook] INFO  com.zaxxer.hikari.HikariDataSource - HikariPool-1 - Shutdown initiated...
2025-09-20 16:04:44.545 [SpringApplicationShutdownHook] INFO  com.zaxxer.hikari.HikariDataSource - HikariPool-1 - Shutdown completed.
2025-09-20 16:07:14.896 [main] INFO  fun.sast.ApprovalApplication - Starting ApprovalApplication using Java 23.0.2 with PID 22244 (D:\soc\approval-system-backend\approval-server\target\classes started by Josda in D:\soc\approval-system-backend)
2025-09-20 16:07:14.897 [main] DEBUG fun.sast.ApprovalApplication - Running with Spring Boot v3.5.3, Spring v6.2.8
2025-09-20 16:07:14.898 [main] INFO  fun.sast.ApprovalApplication - No active profile set, falling back to 1 default profile: "default"
2025-09-20 16:07:15.393 [main] INFO  o.s.d.r.config.RepositoryConfigurationDelegate - Multiple Spring Data modules found, entering strict repository configuration mode
2025-09-20 16:07:15.394 [main] INFO  o.s.d.r.config.RepositoryConfigurationDelegate - Bootstrapping Spring Data Redis repositories in DEFAULT mode.
2025-09-20 16:07:15.423 [main] INFO  o.s.d.r.config.RepositoryConfigurationDelegate - Finished Spring Data repository scanning in 19 ms. Found 0 Redis repository interfaces.
2025-09-20 16:07:15.892 [main] INFO  o.s.boot.web.embedded.tomcat.TomcatWebServer - Tomcat initialized with port 9090 (http)
2025-09-20 16:07:15.904 [main] INFO  org.apache.coyote.http11.Http11NioProtocol - Initializing ProtocolHandler ["http-nio-9090"]
2025-09-20 16:07:15.904 [main] INFO  org.apache.catalina.core.StandardService - Starting service [Tomcat]
2025-09-20 16:07:15.905 [main] INFO  org.apache.catalina.core.StandardEngine - Starting Servlet engine: [Apache Tomcat/10.1.42]
2025-09-20 16:07:15.967 [main] INFO  o.a.c.core.ContainerBase.[Tomcat].[localhost].[/] - Initializing Spring embedded WebApplicationContext
2025-09-20 16:07:15.968 [main] INFO  o.s.b.w.s.c.ServletWebServerApplicationContext - Root WebApplicationContext: initialization completed in 1013 ms
2025-09-20 16:07:16.145 [main] INFO  com.zaxxer.hikari.HikariDataSource - HikariPool-1 - Starting...
2025-09-20 16:07:16.366 [main] INFO  com.zaxxer.hikari.pool.HikariPool - HikariPool-1 - Added connection com.mysql.cj.jdbc.ConnectionImpl@6ac756b
2025-09-20 16:07:16.367 [main] INFO  com.zaxxer.hikari.HikariDataSource - HikariPool-1 - Start completed.
2025-09-20 16:07:17.200 [main] INFO  org.apache.coyote.http11.Http11NioProtocol - Starting ProtocolHandler ["http-nio-9090"]
2025-09-20 16:07:17.211 [main] INFO  o.s.boot.web.embedded.tomcat.TomcatWebServer - Tomcat started on port 9090 (http) with context path '/'
2025-09-20 16:07:17.216 [main] INFO  fun.sast.ApprovalApplication - Started ApprovalApplication in 2.752 seconds (process running for 3.314)
2025-09-20 16:07:17.219 [main] INFO  fun.sast.ApprovalApplication - server started
2025-09-20 16:07:29.110 [http-nio-9090-exec-2] INFO  o.a.c.core.ContainerBase.[Tomcat].[localhost].[/] - Initializing Spring DispatcherServlet 'dispatcherServlet'
2025-09-20 16:07:29.110 [http-nio-9090-exec-2] INFO  org.springframework.web.servlet.DispatcherServlet - Initializing Servlet 'dispatcherServlet'
2025-09-20 16:07:29.112 [http-nio-9090-exec-2] INFO  org.springframework.web.servlet.DispatcherServlet - Completed initialization in 0 ms
2025-09-20 16:07:29.211 [http-nio-9090-exec-2] DEBUG fun.sast.mapper.UserMapper.selectList - ==>  Preparing: SELECT id,dep_id,name,code,password,role,major,contact,create_time,update_time,create_user,update_user,salt FROM user WHERE (code = ?)
2025-09-20 16:07:29.229 [http-nio-9090-exec-2] DEBUG fun.sast.mapper.UserMapper.selectList - ==> Parameters: admin(String)
2025-09-20 16:07:29.255 [http-nio-9090-exec-2] DEBUG fun.sast.mapper.UserMapper.selectList - <==      Total: 1
2025-09-20 16:15:32.570 [SpringApplicationShutdownHook] INFO  o.s.boot.web.embedded.tomcat.GracefulShutdown - Commencing graceful shutdown. Waiting for active requests to complete
2025-09-20 16:15:32.577 [tomcat-shutdown] INFO  o.s.boot.web.embedded.tomcat.GracefulShutdown - Graceful shutdown complete
2025-09-20 16:15:32.595 [SpringApplicationShutdownHook] INFO  com.zaxxer.hikari.HikariDataSource - HikariPool-1 - Shutdown initiated...
2025-09-20 16:15:32.599 [SpringApplicationShutdownHook] INFO  com.zaxxer.hikari.HikariDataSource - HikariPool-1 - Shutdown completed.
2025-09-20 16:15:38.036 [main] INFO  fun.sast.ApprovalApplication - Starting ApprovalApplication using Java 23.0.2 with PID 33152 (D:\soc\approval-system-backend\approval-server\target\classes started by Josda in D:\soc\approval-system-backend)
2025-09-20 16:15:38.037 [main] DEBUG fun.sast.ApprovalApplication - Running with Spring Boot v3.5.3, Spring v6.2.8
2025-09-20 16:15:38.038 [main] INFO  fun.sast.ApprovalApplication - No active profile set, falling back to 1 default profile: "default"
2025-09-20 16:15:38.513 [main] INFO  o.s.d.r.config.RepositoryConfigurationDelegate - Multiple Spring Data modules found, entering strict repository configuration mode
2025-09-20 16:15:38.514 [main] INFO  o.s.d.r.config.RepositoryConfigurationDelegate - Bootstrapping Spring Data Redis repositories in DEFAULT mode.
2025-09-20 16:15:38.541 [main] INFO  o.s.d.r.config.RepositoryConfigurationDelegate - Finished Spring Data repository scanning in 16 ms. Found 0 Redis repository interfaces.
2025-09-20 16:15:38.970 [main] INFO  o.s.boot.web.embedded.tomcat.TomcatWebServer - Tomcat initialized with port 9090 (http)
2025-09-20 16:15:38.978 [main] INFO  org.apache.coyote.http11.Http11NioProtocol - Initializing ProtocolHandler ["http-nio-9090"]
2025-09-20 16:15:38.980 [main] INFO  org.apache.catalina.core.StandardService - Starting service [Tomcat]
2025-09-20 16:15:38.980 [main] INFO  org.apache.catalina.core.StandardEngine - Starting Servlet engine: [Apache Tomcat/10.1.42]
2025-09-20 16:15:39.045 [main] INFO  o.a.c.core.ContainerBase.[Tomcat].[localhost].[/] - Initializing Spring embedded WebApplicationContext
2025-09-20 16:15:39.045 [main] INFO  o.s.b.w.s.c.ServletWebServerApplicationContext - Root WebApplicationContext: initialization completed in 964 ms
2025-09-20 16:15:39.232 [main] INFO  com.zaxxer.hikari.HikariDataSource - HikariPool-1 - Starting...
2025-09-20 16:15:39.451 [main] INFO  com.zaxxer.hikari.pool.HikariPool - HikariPool-1 - Added connection com.mysql.cj.jdbc.ConnectionImpl@7b4b8199
2025-09-20 16:15:39.451 [main] INFO  com.zaxxer.hikari.HikariDataSource - HikariPool-1 - Start completed.
2025-09-20 16:15:40.304 [main] INFO  org.apache.coyote.http11.Http11NioProtocol - Starting ProtocolHandler ["http-nio-9090"]
2025-09-20 16:15:40.318 [main] INFO  o.s.boot.web.embedded.tomcat.TomcatWebServer - Tomcat started on port 9090 (http) with context path '/'
2025-09-20 16:15:40.325 [main] INFO  fun.sast.ApprovalApplication - Started ApprovalApplication in 2.674 seconds (process running for 3.158)
2025-09-20 16:15:40.327 [main] INFO  fun.sast.ApprovalApplication - server started
2025-09-20 16:15:45.048 [http-nio-9090-exec-1] INFO  o.a.c.core.ContainerBase.[Tomcat].[localhost].[/] - Initializing Spring DispatcherServlet 'dispatcherServlet'
2025-09-20 16:15:45.049 [http-nio-9090-exec-1] INFO  org.springframework.web.servlet.DispatcherServlet - Initializing Servlet 'dispatcherServlet'
2025-09-20 16:15:45.049 [http-nio-9090-exec-1] INFO  org.springframework.web.servlet.DispatcherServlet - Completed initialization in 0 ms
2025-09-20 16:15:45.116 [http-nio-9090-exec-1] DEBUG fun.sast.mapper.UserMapper.selectList - ==>  Preparing: SELECT id,dep_id,name,code,password,role,major,contact,create_time,update_time,create_user,update_user,salt FROM user WHERE (code = ?)
2025-09-20 16:15:45.134 [http-nio-9090-exec-1] DEBUG fun.sast.mapper.UserMapper.selectList - ==> Parameters: admin(String)
2025-09-20 16:15:45.163 [http-nio-9090-exec-1] DEBUG fun.sast.mapper.UserMapper.selectList - <==      Total: 1
2025-09-20 16:42:51.402 [SpringApplicationShutdownHook] INFO  o.s.boot.web.embedded.tomcat.GracefulShutdown - Commencing graceful shutdown. Waiting for active requests to complete
2025-09-20 16:42:51.410 [tomcat-shutdown] INFO  o.s.boot.web.embedded.tomcat.GracefulShutdown - Graceful shutdown complete
2025-09-20 16:42:51.431 [SpringApplicationShutdownHook] INFO  com.zaxxer.hikari.HikariDataSource - HikariPool-1 - Shutdown initiated...
2025-09-20 16:42:51.436 [SpringApplicationShutdownHook] INFO  com.zaxxer.hikari.HikariDataSource - HikariPool-1 - Shutdown completed.
2025-09-20 16:42:59.891 [background-preinit] INFO  org.hibernate.validator.internal.util.Version - HV000001: Hibernate Validator 8.0.2.Final
2025-09-20 16:42:59.944 [main] INFO  fun.sast.ApprovalApplication - Starting ApprovalApplication using Java 23.0.2 with PID 37000 (D:\soc\approval-system-backend\approval-server\target\classes started by Josda in D:\soc\approval-system-backend)
2025-09-20 16:42:59.945 [main] DEBUG fun.sast.ApprovalApplication - Running with Spring Boot v3.5.3, Spring v6.2.8
2025-09-20 16:42:59.945 [main] INFO  fun.sast.ApprovalApplication - No active profile set, falling back to 1 default profile: "default"
2025-09-20 16:43:00.482 [main] INFO  o.s.d.r.config.RepositoryConfigurationDelegate - Multiple Spring Data modules found, entering strict repository configuration mode
2025-09-20 16:43:00.484 [main] INFO  o.s.d.r.config.RepositoryConfigurationDelegate - Bootstrapping Spring Data Redis repositories in DEFAULT mode.
2025-09-20 16:43:00.514 [main] INFO  o.s.d.r.config.RepositoryConfigurationDelegate - Finished Spring Data repository scanning in 15 ms. Found 0 Redis repository interfaces.
2025-09-20 16:43:00.985 [main] INFO  o.s.boot.web.embedded.tomcat.TomcatWebServer - Tomcat initialized with port 9090 (http)
2025-09-20 16:43:00.995 [main] INFO  org.apache.coyote.http11.Http11NioProtocol - Initializing ProtocolHandler ["http-nio-9090"]
2025-09-20 16:43:00.996 [main] INFO  org.apache.catalina.core.StandardService - Starting service [Tomcat]
2025-09-20 16:43:00.997 [main] INFO  org.apache.catalina.core.StandardEngine - Starting Servlet engine: [Apache Tomcat/10.1.42]
2025-09-20 16:43:01.058 [main] INFO  o.a.c.core.ContainerBase.[Tomcat].[localhost].[/] - Initializing Spring embedded WebApplicationContext
2025-09-20 16:43:01.058 [main] INFO  o.s.b.w.s.c.ServletWebServerApplicationContext - Root WebApplicationContext: initialization completed in 1062 ms
2025-09-20 16:43:01.251 [main] INFO  com.zaxxer.hikari.HikariDataSource - HikariPool-1 - Starting...
2025-09-20 16:43:01.519 [main] INFO  com.zaxxer.hikari.pool.HikariPool - HikariPool-1 - Added connection com.mysql.cj.jdbc.ConnectionImpl@6233c6c2
2025-09-20 16:43:01.520 [main] INFO  com.zaxxer.hikari.HikariDataSource - HikariPool-1 - Start completed.
2025-09-20 16:43:02.397 [main] INFO  org.apache.coyote.http11.Http11NioProtocol - Starting ProtocolHandler ["http-nio-9090"]
2025-09-20 16:43:02.410 [main] INFO  o.s.boot.web.embedded.tomcat.TomcatWebServer - Tomcat started on port 9090 (http) with context path '/'
2025-09-20 16:43:02.417 [main] INFO  fun.sast.ApprovalApplication - Started ApprovalApplication in 2.906 seconds (process running for 3.524)
2025-09-20 16:43:02.419 [main] INFO  fun.sast.ApprovalApplication - server started
2025-09-20 16:43:08.869 [http-nio-9090-exec-3] INFO  o.a.c.core.ContainerBase.[Tomcat].[localhost].[/] - Initializing Spring DispatcherServlet 'dispatcherServlet'
2025-09-20 16:43:08.871 [http-nio-9090-exec-3] INFO  org.springframework.web.servlet.DispatcherServlet - Initializing Servlet 'dispatcherServlet'
2025-09-20 16:43:08.871 [http-nio-9090-exec-3] INFO  org.springframework.web.servlet.DispatcherServlet - Completed initialization in 0 ms
2025-09-20 16:43:08.974 [http-nio-9090-exec-3] DEBUG fun.sast.mapper.UserMapper.selectList - ==>  Preparing: SELECT id,dep_id,name,code,password,role,major,contact,create_time,update_time,create_user,update_user,salt FROM user WHERE (code = ?)
2025-09-20 16:43:08.991 [http-nio-9090-exec-3] DEBUG fun.sast.mapper.UserMapper.selectList - ==> Parameters: admin(String)
2025-09-20 16:43:09.016 [http-nio-9090-exec-3] DEBUG fun.sast.mapper.UserMapper.selectList - <==      Total: 1
2025-09-20 16:50:54.504 [SpringApplicationShutdownHook] INFO  o.s.boot.web.embedded.tomcat.GracefulShutdown - Commencing graceful shutdown. Waiting for active requests to complete
2025-09-20 16:50:54.511 [tomcat-shutdown] INFO  o.s.boot.web.embedded.tomcat.GracefulShutdown - Graceful shutdown complete
2025-09-20 16:50:54.530 [SpringApplicationShutdownHook] INFO  com.zaxxer.hikari.HikariDataSource - HikariPool-1 - Shutdown initiated...
2025-09-20 16:50:54.540 [SpringApplicationShutdownHook] INFO  com.zaxxer.hikari.HikariDataSource - HikariPool-1 - Shutdown completed.
2025-09-20 16:50:59.422 [background-preinit] INFO  org.hibernate.validator.internal.util.Version - HV000001: Hibernate Validator 8.0.2.Final
2025-09-20 16:50:59.457 [main] INFO  fun.sast.ApprovalApplication - Starting ApprovalApplication using Java 23.0.2 with PID 33712 (D:\soc\approval-system-backend\approval-server\target\classes started by Josda in D:\soc\approval-system-backend)
2025-09-20 16:50:59.458 [main] DEBUG fun.sast.ApprovalApplication - Running with Spring Boot v3.5.3, Spring v6.2.8
2025-09-20 16:50:59.458 [main] INFO  fun.sast.ApprovalApplication - No active profile set, falling back to 1 default profile: "default"
2025-09-20 16:50:59.951 [main] INFO  o.s.d.r.config.RepositoryConfigurationDelegate - Multiple Spring Data modules found, entering strict repository configuration mode
2025-09-20 16:50:59.953 [main] INFO  o.s.d.r.config.RepositoryConfigurationDelegate - Bootstrapping Spring Data Redis repositories in DEFAULT mode.
2025-09-20 16:50:59.981 [main] INFO  o.s.d.r.config.RepositoryConfigurationDelegate - Finished Spring Data repository scanning in 19 ms. Found 0 Redis repository interfaces.
2025-09-20 16:51:00.444 [main] INFO  o.s.boot.web.embedded.tomcat.TomcatWebServer - Tomcat initialized with port 9090 (http)
2025-09-20 16:51:00.452 [main] INFO  org.apache.coyote.http11.Http11NioProtocol - Initializing ProtocolHandler ["http-nio-9090"]
2025-09-20 16:51:00.453 [main] INFO  org.apache.catalina.core.StandardService - Starting service [Tomcat]
2025-09-20 16:51:00.453 [main] INFO  org.apache.catalina.core.StandardEngine - Starting Servlet engine: [Apache Tomcat/10.1.42]
2025-09-20 16:51:00.522 [main] INFO  o.a.c.core.ContainerBase.[Tomcat].[localhost].[/] - Initializing Spring embedded WebApplicationContext
2025-09-20 16:51:00.522 [main] INFO  o.s.b.w.s.c.ServletWebServerApplicationContext - Root WebApplicationContext: initialization completed in 1014 ms
2025-09-20 16:51:00.697 [main] INFO  com.zaxxer.hikari.HikariDataSource - HikariPool-1 - Starting...
2025-09-20 16:51:00.917 [main] INFO  com.zaxxer.hikari.pool.HikariPool - HikariPool-1 - Added connection com.mysql.cj.jdbc.ConnectionImpl@2f471037
2025-09-20 16:51:00.919 [main] INFO  com.zaxxer.hikari.HikariDataSource - HikariPool-1 - Start completed.
2025-09-20 16:51:01.750 [main] INFO  org.apache.coyote.http11.Http11NioProtocol - Starting ProtocolHandler ["http-nio-9090"]
2025-09-20 16:51:01.770 [main] INFO  o.s.boot.web.embedded.tomcat.TomcatWebServer - Tomcat started on port 9090 (http) with context path '/'
2025-09-20 16:51:01.775 [main] INFO  fun.sast.ApprovalApplication - Started ApprovalApplication in 2.749 seconds (process running for 3.286)
2025-09-20 16:51:01.778 [main] INFO  fun.sast.ApprovalApplication - server started
2025-09-20 16:51:06.035 [http-nio-9090-exec-1] INFO  o.a.c.core.ContainerBase.[Tomcat].[localhost].[/] - Initializing Spring DispatcherServlet 'dispatcherServlet'
2025-09-20 16:51:06.035 [http-nio-9090-exec-1] INFO  org.springframework.web.servlet.DispatcherServlet - Initializing Servlet 'dispatcherServlet'
2025-09-20 16:51:06.036 [http-nio-9090-exec-1] INFO  org.springframework.web.servlet.DispatcherServlet - Completed initialization in 1 ms
2025-09-20 16:51:06.111 [http-nio-9090-exec-1] DEBUG fun.sast.mapper.UserMapper.selectList - ==>  Preparing: SELECT id,dep_id,name,code,password,role,major,contact,create_time,update_time,create_user,update_user,salt FROM user WHERE (code = ?)
2025-09-20 16:51:06.124 [http-nio-9090-exec-1] DEBUG fun.sast.mapper.UserMapper.selectList - ==> Parameters: admin(String)
2025-09-20 16:51:06.141 [http-nio-9090-exec-1] DEBUG fun.sast.mapper.UserMapper.selectList - <==      Total: 1
2025-09-20 17:01:08.267 [http-nio-9090-exec-4] DEBUG fun.sast.mapper.UserMapper.selectList - ==>  Preparing: SELECT id,dep_id,name,code,password,role,major,contact,create_time,update_time,create_user,update_user,salt FROM user WHERE (code = ?)
2025-09-20 17:01:08.267 [http-nio-9090-exec-4] DEBUG fun.sast.mapper.UserMapper.selectList - ==> Parameters: admin(String)
2025-09-20 17:01:08.268 [http-nio-9090-exec-4] DEBUG fun.sast.mapper.UserMapper.selectList - <==      Total: 1
2025-09-20 17:01:15.311 [SpringApplicationShutdownHook] INFO  o.s.boot.web.embedded.tomcat.GracefulShutdown - Commencing graceful shutdown. Waiting for active requests to complete
2025-09-20 17:01:15.316 [tomcat-shutdown] INFO  o.s.boot.web.embedded.tomcat.GracefulShutdown - Graceful shutdown complete
2025-09-20 17:01:15.332 [SpringApplicationShutdownHook] INFO  com.zaxxer.hikari.HikariDataSource - HikariPool-1 - Shutdown initiated...
2025-09-20 17:01:15.336 [SpringApplicationShutdownHook] INFO  com.zaxxer.hikari.HikariDataSource - HikariPool-1 - Shutdown completed.
2025-09-20 17:01:23.673 [main] INFO  fun.sast.ApprovalApplication - Starting ApprovalApplication using Java 23.0.2 with PID 34828 (D:\soc\approval-system-backend\approval-server\target\classes started by Josda in D:\soc\approval-system-backend)
2025-09-20 17:01:23.674 [main] DEBUG fun.sast.ApprovalApplication - Running with Spring Boot v3.5.3, Spring v6.2.8
2025-09-20 17:01:23.674 [main] INFO  fun.sast.ApprovalApplication - No active profile set, falling back to 1 default profile: "default"
2025-09-20 17:01:24.112 [main] INFO  o.s.d.r.config.RepositoryConfigurationDelegate - Multiple Spring Data modules found, entering strict repository configuration mode
2025-09-20 17:01:24.114 [main] INFO  o.s.d.r.config.RepositoryConfigurationDelegate - Bootstrapping Spring Data Redis repositories in DEFAULT mode.
2025-09-20 17:01:24.145 [main] INFO  o.s.d.r.config.RepositoryConfigurationDelegate - Finished Spring Data repository scanning in 23 ms. Found 0 Redis repository interfaces.
2025-09-20 17:01:24.549 [main] INFO  o.s.boot.web.embedded.tomcat.TomcatWebServer - Tomcat initialized with port 9090 (http)
2025-09-20 17:01:24.557 [main] INFO  org.apache.coyote.http11.Http11NioProtocol - Initializing ProtocolHandler ["http-nio-9090"]
2025-09-20 17:01:24.558 [main] INFO  org.apache.catalina.core.StandardService - Starting service [Tomcat]
2025-09-20 17:01:24.558 [main] INFO  org.apache.catalina.core.StandardEngine - Starting Servlet engine: [Apache Tomcat/10.1.42]
2025-09-20 17:01:24.616 [main] INFO  o.a.c.core.ContainerBase.[Tomcat].[localhost].[/] - Initializing Spring embedded WebApplicationContext
2025-09-20 17:01:24.617 [main] INFO  o.s.b.w.s.c.ServletWebServerApplicationContext - Root WebApplicationContext: initialization completed in 905 ms
2025-09-20 17:01:24.797 [main] INFO  com.zaxxer.hikari.HikariDataSource - HikariPool-1 - Starting...
2025-09-20 17:01:25.009 [main] INFO  com.zaxxer.hikari.pool.HikariPool - HikariPool-1 - Added connection com.mysql.cj.jdbc.ConnectionImpl@31f7eb8
2025-09-20 17:01:25.011 [main] INFO  com.zaxxer.hikari.HikariDataSource - HikariPool-1 - Start completed.
2025-09-20 17:01:25.812 [main] INFO  org.apache.coyote.http11.Http11NioProtocol - Starting ProtocolHandler ["http-nio-9090"]
2025-09-20 17:01:25.825 [main] INFO  o.s.boot.web.embedded.tomcat.TomcatWebServer - Tomcat started on port 9090 (http) with context path '/'
2025-09-20 17:01:25.829 [main] INFO  fun.sast.ApprovalApplication - Started ApprovalApplication in 2.538 seconds (process running for 3.148)
2025-09-20 17:01:25.831 [main] INFO  fun.sast.ApprovalApplication - server started
2025-09-20 17:01:33.706 [http-nio-9090-exec-3] INFO  o.a.c.core.ContainerBase.[Tomcat].[localhost].[/] - Initializing Spring DispatcherServlet 'dispatcherServlet'
2025-09-20 17:01:33.706 [http-nio-9090-exec-3] INFO  org.springframework.web.servlet.DispatcherServlet - Initializing Servlet 'dispatcherServlet'
2025-09-20 17:01:33.707 [http-nio-9090-exec-3] INFO  org.springframework.web.servlet.DispatcherServlet - Completed initialization in 1 ms
2025-09-20 17:01:33.773 [http-nio-9090-exec-3] DEBUG fun.sast.mapper.UserMapper.selectList - ==>  Preparing: SELECT id,dep_id,name,code,password,role,major,contact,create_time,update_time,create_user,update_user,salt FROM user WHERE (code = ?)
2025-09-20 17:01:33.785 [http-nio-9090-exec-3] DEBUG fun.sast.mapper.UserMapper.selectList - ==> Parameters: admin(String)
2025-09-20 17:01:33.801 [http-nio-9090-exec-3] DEBUG fun.sast.mapper.UserMapper.selectList - <==      Total: 1
2025-09-20 17:13:59.087 [SpringApplicationShutdownHook] INFO  o.s.boot.web.embedded.tomcat.GracefulShutdown - Commencing graceful shutdown. Waiting for active requests to complete
2025-09-20 17:13:59.097 [tomcat-shutdown] INFO  o.s.boot.web.embedded.tomcat.GracefulShutdown - Graceful shutdown complete
2025-09-20 17:13:59.116 [SpringApplicationShutdownHook] INFO  com.zaxxer.hikari.HikariDataSource - HikariPool-1 - Shutdown initiated...
2025-09-20 17:13:59.121 [SpringApplicationShutdownHook] INFO  com.zaxxer.hikari.HikariDataSource - HikariPool-1 - Shutdown completed.
2025-09-20 17:14:01.703 [main] INFO  fun.sast.ApprovalApplication - Starting ApprovalApplication using Java 23.0.2 with PID 25936 (D:\soc\approval-system-backend\approval-server\target\classes started by Josda in D:\soc\approval-system-backend)
2025-09-20 17:14:01.704 [main] DEBUG fun.sast.ApprovalApplication - Running with Spring Boot v3.5.3, Spring v6.2.8
2025-09-20 17:14:01.704 [main] INFO  fun.sast.ApprovalApplication - No active profile set, falling back to 1 default profile: "default"
2025-09-20 17:14:02.277 [main] INFO  o.s.d.r.config.RepositoryConfigurationDelegate - Multiple Spring Data modules found, entering strict repository configuration mode
2025-09-20 17:14:02.279 [main] INFO  o.s.d.r.config.RepositoryConfigurationDelegate - Bootstrapping Spring Data Redis repositories in DEFAULT mode.
2025-09-20 17:14:02.305 [main] INFO  o.s.d.r.config.RepositoryConfigurationDelegate - Finished Spring Data repository scanning in 18 ms. Found 0 Redis repository interfaces.
2025-09-20 17:14:02.810 [main] INFO  o.s.boot.web.embedded.tomcat.TomcatWebServer - Tomcat initialized with port 9090 (http)
2025-09-20 17:14:02.817 [main] INFO  org.apache.coyote.http11.Http11NioProtocol - Initializing ProtocolHandler ["http-nio-9090"]
2025-09-20 17:14:02.818 [main] INFO  org.apache.catalina.core.StandardService - Starting service [Tomcat]
2025-09-20 17:14:02.818 [main] INFO  org.apache.catalina.core.StandardEngine - Starting Servlet engine: [Apache Tomcat/10.1.42]
2025-09-20 17:14:02.894 [main] INFO  o.a.c.core.ContainerBase.[Tomcat].[localhost].[/] - Initializing Spring embedded WebApplicationContext
2025-09-20 17:14:02.894 [main] INFO  o.s.b.w.s.c.ServletWebServerApplicationContext - Root WebApplicationContext: initialization completed in 1145 ms
2025-09-20 17:14:03.097 [main] INFO  com.zaxxer.hikari.HikariDataSource - HikariPool-1 - Starting...
2025-09-20 17:14:03.309 [main] INFO  com.zaxxer.hikari.pool.HikariPool - HikariPool-1 - Added connection com.mysql.cj.jdbc.ConnectionImpl@2be50bba
2025-09-20 17:14:03.310 [main] INFO  com.zaxxer.hikari.HikariDataSource - HikariPool-1 - Start completed.
2025-09-20 17:14:04.186 [main] INFO  org.apache.coyote.http11.Http11NioProtocol - Starting ProtocolHandler ["http-nio-9090"]
2025-09-20 17:14:04.200 [main] INFO  o.s.boot.web.embedded.tomcat.TomcatWebServer - Tomcat started on port 9090 (http) with context path '/'
2025-09-20 17:14:04.204 [main] INFO  fun.sast.ApprovalApplication - Started ApprovalApplication in 2.952 seconds (process running for 3.688)
2025-09-20 17:14:04.207 [main] INFO  fun.sast.ApprovalApplication - server started
2025-09-20 17:14:08.358 [http-nio-9090-exec-1] INFO  o.a.c.core.ContainerBase.[Tomcat].[localhost].[/] - Initializing Spring DispatcherServlet 'dispatcherServlet'
2025-09-20 17:14:08.358 [http-nio-9090-exec-1] INFO  org.springframework.web.servlet.DispatcherServlet - Initializing Servlet 'dispatcherServlet'
2025-09-20 17:14:08.359 [http-nio-9090-exec-1] INFO  org.springframework.web.servlet.DispatcherServlet - Completed initialization in 1 ms
2025-09-20 17:14:08.429 [http-nio-9090-exec-1] DEBUG fun.sast.mapper.UserMapper.selectList - ==>  Preparing: SELECT id,dep_id,name,code,password,role,major,contact,create_time,update_time,create_user,update_user,salt FROM user WHERE (code = ?)
2025-09-20 17:14:08.442 [http-nio-9090-exec-1] DEBUG fun.sast.mapper.UserMapper.selectList - ==> Parameters: admin(String)
2025-09-20 17:14:08.460 [http-nio-9090-exec-1] DEBUG fun.sast.mapper.UserMapper.selectList - <==      Total: 1
2025-09-20 17:17:57.042 [http-nio-9090-exec-5] DEBUG fun.sast.mapper.UserMapper.selectList - ==>  Preparing: SELECT id,dep_id,name,code,password,role,major,contact,create_time,update_time,create_user,update_user,salt FROM user WHERE (code = ?)
2025-09-20 17:17:57.042 [http-nio-9090-exec-5] DEBUG fun.sast.mapper.UserMapper.selectList - ==> Parameters: admin(String)
2025-09-20 17:17:57.045 [http-nio-9090-exec-5] DEBUG fun.sast.mapper.UserMapper.selectList - <==      Total: 1
2025-09-20 17:23:51.590 [SpringApplicationShutdownHook] INFO  o.s.boot.web.embedded.tomcat.GracefulShutdown - Commencing graceful shutdown. Waiting for active requests to complete
2025-09-20 17:23:51.596 [tomcat-shutdown] INFO  o.s.boot.web.embedded.tomcat.GracefulShutdown - Graceful shutdown complete
2025-09-20 17:23:51.609 [SpringApplicationShutdownHook] INFO  com.zaxxer.hikari.HikariDataSource - HikariPool-1 - Shutdown initiated...
2025-09-20 17:23:51.613 [SpringApplicationShutdownHook] INFO  com.zaxxer.hikari.HikariDataSource - HikariPool-1 - Shutdown completed.
2025-09-20 17:23:53.738 [main] INFO  fun.sast.ApprovalApplication - Starting ApprovalApplication using Java 23.0.2 with PID 23228 (D:\soc\approval-system-backend\approval-server\target\classes started by Josda in D:\soc\approval-system-backend)
2025-09-20 17:23:53.739 [main] DEBUG fun.sast.ApprovalApplication - Running with Spring Boot v3.5.3, Spring v6.2.8
2025-09-20 17:23:53.739 [main] INFO  fun.sast.ApprovalApplication - No active profile set, falling back to 1 default profile: "default"
2025-09-20 17:23:54.209 [main] INFO  o.s.d.r.config.RepositoryConfigurationDelegate - Multiple Spring Data modules found, entering strict repository configuration mode
2025-09-20 17:23:54.210 [main] INFO  o.s.d.r.config.RepositoryConfigurationDelegate - Bootstrapping Spring Data Redis repositories in DEFAULT mode.
2025-09-20 17:23:54.236 [main] INFO  o.s.d.r.config.RepositoryConfigurationDelegate - Finished Spring Data repository scanning in 17 ms. Found 0 Redis repository interfaces.
2025-09-20 17:23:54.664 [main] INFO  o.s.boot.web.embedded.tomcat.TomcatWebServer - Tomcat initialized with port 9090 (http)
2025-09-20 17:23:54.673 [main] INFO  org.apache.coyote.http11.Http11NioProtocol - Initializing ProtocolHandler ["http-nio-9090"]
2025-09-20 17:23:54.674 [main] INFO  org.apache.catalina.core.StandardService - Starting service [Tomcat]
2025-09-20 17:23:54.674 [main] INFO  org.apache.catalina.core.StandardEngine - Starting Servlet engine: [Apache Tomcat/10.1.42]
2025-09-20 17:23:54.732 [main] INFO  o.a.c.core.ContainerBase.[Tomcat].[localhost].[/] - Initializing Spring embedded WebApplicationContext
2025-09-20 17:23:54.732 [main] INFO  o.s.b.w.s.c.ServletWebServerApplicationContext - Root WebApplicationContext: initialization completed in 947 ms
2025-09-20 17:23:54.937 [main] INFO  com.zaxxer.hikari.HikariDataSource - HikariPool-1 - Starting...
2025-09-20 17:23:55.199 [main] INFO  com.zaxxer.hikari.pool.HikariPool - HikariPool-1 - Added connection com.mysql.cj.jdbc.ConnectionImpl@531a716c
2025-09-20 17:23:55.199 [main] INFO  com.zaxxer.hikari.HikariDataSource - HikariPool-1 - Start completed.
2025-09-20 17:23:56.092 [main] INFO  org.apache.coyote.http11.Http11NioProtocol - Starting ProtocolHandler ["http-nio-9090"]
2025-09-20 17:23:56.104 [main] INFO  o.s.boot.web.embedded.tomcat.TomcatWebServer - Tomcat started on port 9090 (http) with context path '/'
2025-09-20 17:23:56.109 [main] INFO  fun.sast.ApprovalApplication - Started ApprovalApplication in 2.784 seconds (process running for 3.476)
2025-09-20 17:23:56.112 [main] INFO  fun.sast.ApprovalApplication - server started
2025-09-20 17:24:07.234 [http-nio-9090-exec-3] INFO  o.a.c.core.ContainerBase.[Tomcat].[localhost].[/] - Initializing Spring DispatcherServlet 'dispatcherServlet'
2025-09-20 17:24:07.234 [http-nio-9090-exec-3] INFO  org.springframework.web.servlet.DispatcherServlet - Initializing Servlet 'dispatcherServlet'
2025-09-20 17:24:07.234 [http-nio-9090-exec-3] INFO  org.springframework.web.servlet.DispatcherServlet - Completed initialization in 0 ms
2025-09-20 17:24:07.308 [http-nio-9090-exec-3] DEBUG fun.sast.mapper.UserMapper.selectList - ==>  Preparing: SELECT id,dep_id,name,code,password,role,major,contact,create_time,update_time,create_user,update_user,salt FROM user WHERE (code = ?)
2025-09-20 17:24:07.320 [http-nio-9090-exec-3] DEBUG fun.sast.mapper.UserMapper.selectList - ==> Parameters: admin(String)
2025-09-20 17:24:07.349 [http-nio-9090-exec-3] DEBUG fun.sast.mapper.UserMapper.selectList - <==      Total: 1
2025-09-20 17:24:17.842 [http-nio-9090-exec-2] DEBUG fun.sast.mapper.UserMapper.selectList - ==>  Preparing: SELECT id,dep_id,name,code,password,role,major,contact,create_time,update_time,create_user,update_user,salt FROM user WHERE (code = ?)
2025-09-20 17:24:17.842 [http-nio-9090-exec-2] DEBUG fun.sast.mapper.UserMapper.selectList - ==> Parameters: admin(String)
2025-09-20 17:24:17.844 [http-nio-9090-exec-2] DEBUG fun.sast.mapper.UserMapper.selectList - <==      Total: 1
2025-09-20 17:28:26.139 [SpringApplicationShutdownHook] INFO  o.s.boot.web.embedded.tomcat.GracefulShutdown - Commencing graceful shutdown. Waiting for active requests to complete
2025-09-20 17:28:26.149 [tomcat-shutdown] INFO  o.s.boot.web.embedded.tomcat.GracefulShutdown - Graceful shutdown complete
2025-09-20 17:28:26.173 [SpringApplicationShutdownHook] INFO  com.zaxxer.hikari.HikariDataSource - HikariPool-1 - Shutdown initiated...
2025-09-20 17:28:26.183 [SpringApplicationShutdownHook] INFO  com.zaxxer.hikari.HikariDataSource - HikariPool-1 - Shutdown completed.
2025-09-20 17:28:28.554 [main] INFO  fun.sast.ApprovalApplication - Starting ApprovalApplication using Java 23.0.2 with PID 34208 (D:\soc\approval-system-backend\approval-server\target\classes started by Josda in D:\soc\approval-system-backend)
2025-09-20 17:28:28.554 [main] DEBUG fun.sast.ApprovalApplication - Running with Spring Boot v3.5.3, Spring v6.2.8
2025-09-20 17:28:28.554 [main] INFO  fun.sast.ApprovalApplication - No active profile set, falling back to 1 default profile: "default"
2025-09-20 17:28:29.082 [main] INFO  o.s.d.r.config.RepositoryConfigurationDelegate - Multiple Spring Data modules found, entering strict repository configuration mode
2025-09-20 17:28:29.083 [main] INFO  o.s.d.r.config.RepositoryConfigurationDelegate - Bootstrapping Spring Data Redis repositories in DEFAULT mode.
2025-09-20 17:28:29.109 [main] INFO  o.s.d.r.config.RepositoryConfigurationDelegate - Finished Spring Data repository scanning in 16 ms. Found 0 Redis repository interfaces.
2025-09-20 17:28:29.544 [main] INFO  o.s.boot.web.embedded.tomcat.TomcatWebServer - Tomcat initialized with port 9090 (http)
2025-09-20 17:28:29.560 [main] INFO  org.apache.coyote.http11.Http11NioProtocol - Initializing ProtocolHandler ["http-nio-9090"]
2025-09-20 17:28:29.561 [main] INFO  org.apache.catalina.core.StandardService - Starting service [Tomcat]
2025-09-20 17:28:29.563 [main] INFO  org.apache.catalina.core.StandardEngine - Starting Servlet engine: [Apache Tomcat/10.1.42]
2025-09-20 17:28:29.620 [main] INFO  o.a.c.core.ContainerBase.[Tomcat].[localhost].[/] - Initializing Spring embedded WebApplicationContext
2025-09-20 17:28:29.620 [main] INFO  o.s.b.w.s.c.ServletWebServerApplicationContext - Root WebApplicationContext: initialization completed in 1017 ms
2025-09-20 17:28:29.810 [main] INFO  com.zaxxer.hikari.HikariDataSource - HikariPool-1 - Starting...
2025-09-20 17:28:30.005 [main] INFO  com.zaxxer.hikari.pool.HikariPool - HikariPool-1 - Added connection com.mysql.cj.jdbc.ConnectionImpl@7df3da0b
2025-09-20 17:28:30.007 [main] INFO  com.zaxxer.hikari.HikariDataSource - HikariPool-1 - Start completed.
2025-09-20 17:28:30.922 [main] INFO  org.apache.coyote.http11.Http11NioProtocol - Starting ProtocolHandler ["http-nio-9090"]
2025-09-20 17:28:30.936 [main] INFO  o.s.boot.web.embedded.tomcat.TomcatWebServer - Tomcat started on port 9090 (http) with context path '/'
2025-09-20 17:28:30.941 [main] INFO  fun.sast.ApprovalApplication - Started ApprovalApplication in 2.77 seconds (process running for 3.394)
2025-09-20 17:28:30.943 [main] INFO  fun.sast.ApprovalApplication - server started
2025-09-20 17:28:33.373 [http-nio-9090-exec-2] INFO  o.a.c.core.ContainerBase.[Tomcat].[localhost].[/] - Initializing Spring DispatcherServlet 'dispatcherServlet'
2025-09-20 17:28:33.373 [http-nio-9090-exec-2] INFO  org.springframework.web.servlet.DispatcherServlet - Initializing Servlet 'dispatcherServlet'
2025-09-20 17:28:33.374 [http-nio-9090-exec-2] INFO  org.springframework.web.servlet.DispatcherServlet - Completed initialization in 1 ms
2025-09-20 17:28:33.461 [http-nio-9090-exec-2] DEBUG fun.sast.mapper.UserMapper.selectList - ==>  Preparing: SELECT id,dep_id,name,code,password,role,major,contact,create_time,update_time,create_user,update_user,salt FROM user WHERE (code = ?)
2025-09-20 17:28:33.473 [http-nio-9090-exec-2] DEBUG fun.sast.mapper.UserMapper.selectList - ==> Parameters: admin(String)
2025-09-20 17:28:33.491 [http-nio-9090-exec-2] DEBUG fun.sast.mapper.UserMapper.selectList - <==      Total: 1
2025-09-20 17:28:37.568 [http-nio-9090-exec-3] DEBUG fun.sast.mapper.UserMapper.selectList - ==>  Preparing: SELECT id,dep_id,name,code,password,role,major,contact,create_time,update_time,create_user,update_user,salt FROM user WHERE (code = ?)
2025-09-20 17:28:37.569 [http-nio-9090-exec-3] DEBUG fun.sast.mapper.UserMapper.selectList - ==> Parameters: admin(String)
2025-09-20 17:28:37.571 [http-nio-9090-exec-3] DEBUG fun.sast.mapper.UserMapper.selectList - <==      Total: 1
2025-09-20 17:28:39.398 [http-nio-9090-exec-4] DEBUG fun.sast.mapper.UserMapper.selectList - ==>  Preparing: SELECT id,dep_id,name,code,password,role,major,contact,create_time,update_time,create_user,update_user,salt FROM user WHERE (code = ?)
2025-09-20 17:28:39.398 [http-nio-9090-exec-4] DEBUG fun.sast.mapper.UserMapper.selectList - ==> Parameters: admin(String)
2025-09-20 17:28:39.400 [http-nio-9090-exec-4] DEBUG fun.sast.mapper.UserMapper.selectList - <==      Total: 1
2025-09-20 17:28:55.619 [SpringApplicationShutdownHook] INFO  o.s.boot.web.embedded.tomcat.GracefulShutdown - Commencing graceful shutdown. Waiting for active requests to complete
2025-09-20 17:28:55.623 [tomcat-shutdown] INFO  o.s.boot.web.embedded.tomcat.GracefulShutdown - Graceful shutdown complete
2025-09-20 17:28:55.637 [SpringApplicationShutdownHook] INFO  com.zaxxer.hikari.HikariDataSource - HikariPool-1 - Shutdown initiated...
2025-09-20 17:28:55.641 [SpringApplicationShutdownHook] INFO  com.zaxxer.hikari.HikariDataSource - HikariPool-1 - Shutdown completed.
2025-09-20 17:28:57.598 [main] INFO  fun.sast.ApprovalApplication - Starting ApprovalApplication using Java 23.0.2 with PID 32312 (D:\soc\approval-system-backend\approval-server\target\classes started by Josda in D:\soc\approval-system-backend)
2025-09-20 17:28:57.599 [main] DEBUG fun.sast.ApprovalApplication - Running with Spring Boot v3.5.3, Spring v6.2.8
2025-09-20 17:28:57.599 [main] INFO  fun.sast.ApprovalApplication - No active profile set, falling back to 1 default profile: "default"
2025-09-20 17:28:58.043 [main] INFO  o.s.d.r.config.RepositoryConfigurationDelegate - Multiple Spring Data modules found, entering strict repository configuration mode
2025-09-20 17:28:58.045 [main] INFO  o.s.d.r.config.RepositoryConfigurationDelegate - Bootstrapping Spring Data Redis repositories in DEFAULT mode.
2025-09-20 17:28:58.072 [main] INFO  o.s.d.r.config.RepositoryConfigurationDelegate - Finished Spring Data repository scanning in 16 ms. Found 0 Redis repository interfaces.
2025-09-20 17:28:58.485 [main] INFO  o.s.boot.web.embedded.tomcat.TomcatWebServer - Tomcat initialized with port 9090 (http)
2025-09-20 17:28:58.492 [main] INFO  org.apache.coyote.http11.Http11NioProtocol - Initializing ProtocolHandler ["http-nio-9090"]
2025-09-20 17:28:58.493 [main] INFO  org.apache.catalina.core.StandardService - Starting service [Tomcat]
2025-09-20 17:28:58.493 [main] INFO  org.apache.catalina.core.StandardEngine - Starting Servlet engine: [Apache Tomcat/10.1.42]
2025-09-20 17:28:58.549 [main] INFO  o.a.c.core.ContainerBase.[Tomcat].[localhost].[/] - Initializing Spring embedded WebApplicationContext
2025-09-20 17:28:58.550 [main] INFO  o.s.b.w.s.c.ServletWebServerApplicationContext - Root WebApplicationContext: initialization completed in 908 ms
2025-09-20 17:28:58.741 [main] INFO  com.zaxxer.hikari.HikariDataSource - HikariPool-1 - Starting...
2025-09-20 17:28:58.945 [main] INFO  com.zaxxer.hikari.pool.HikariPool - HikariPool-1 - Added connection com.mysql.cj.jdbc.ConnectionImpl@6f8ac8d5
2025-09-20 17:28:58.946 [main] INFO  com.zaxxer.hikari.HikariDataSource - HikariPool-1 - Start completed.
2025-09-20 17:28:59.759 [main] INFO  org.apache.coyote.http11.Http11NioProtocol - Starting ProtocolHandler ["http-nio-9090"]
2025-09-20 17:28:59.771 [main] INFO  o.s.boot.web.embedded.tomcat.TomcatWebServer - Tomcat started on port 9090 (http) with context path '/'
2025-09-20 17:28:59.775 [main] INFO  fun.sast.ApprovalApplication - Started ApprovalApplication in 2.594 seconds (process running for 3.161)
2025-09-20 17:28:59.777 [main] INFO  fun.sast.ApprovalApplication - server started
2025-09-20 17:29:03.331 [http-nio-9090-exec-4] INFO  o.a.c.core.ContainerBase.[Tomcat].[localhost].[/] - Initializing Spring DispatcherServlet 'dispatcherServlet'
2025-09-20 17:29:03.331 [http-nio-9090-exec-4] INFO  org.springframework.web.servlet.DispatcherServlet - Initializing Servlet 'dispatcherServlet'
2025-09-20 17:29:03.332 [http-nio-9090-exec-4] INFO  org.springframework.web.servlet.DispatcherServlet - Completed initialization in 1 ms
2025-09-20 17:29:03.399 [http-nio-9090-exec-4] DEBUG fun.sast.mapper.UserMapper.selectList - ==>  Preparing: SELECT id,dep_id,name,code,password,role,major,contact,create_time,update_time,create_user,update_user,salt FROM user WHERE (code = ?)
2025-09-20 17:29:03.416 [http-nio-9090-exec-4] DEBUG fun.sast.mapper.UserMapper.selectList - ==> Parameters: admin(String)
2025-09-20 17:29:03.438 [http-nio-9090-exec-4] DEBUG fun.sast.mapper.UserMapper.selectList - <==      Total: 1
2025-09-20 17:30:23.957 [SpringApplicationShutdownHook] INFO  o.s.boot.web.embedded.tomcat.GracefulShutdown - Commencing graceful shutdown. Waiting for active requests to complete
2025-09-20 17:30:23.962 [tomcat-shutdown] INFO  o.s.boot.web.embedded.tomcat.GracefulShutdown - Graceful shutdown complete
2025-09-20 17:30:23.974 [SpringApplicationShutdownHook] INFO  com.zaxxer.hikari.HikariDataSource - HikariPool-1 - Shutdown initiated...
2025-09-20 17:30:23.977 [SpringApplicationShutdownHook] INFO  com.zaxxer.hikari.HikariDataSource - HikariPool-1 - Shutdown completed.
2025-09-20 17:30:26.362 [main] INFO  fun.sast.ApprovalApplication - Starting ApprovalApplication using Java 23.0.2 with PID 23764 (D:\soc\approval-system-backend\approval-server\target\classes started by Josda in D:\soc\approval-system-backend)
2025-09-20 17:30:26.362 [main] DEBUG fun.sast.ApprovalApplication - Running with Spring Boot v3.5.3, Spring v6.2.8
2025-09-20 17:30:26.366 [main] INFO  fun.sast.ApprovalApplication - No active profile set, falling back to 1 default profile: "default"
2025-09-20 17:30:26.880 [main] INFO  o.s.d.r.config.RepositoryConfigurationDelegate - Multiple Spring Data modules found, entering strict repository configuration mode
2025-09-20 17:30:26.886 [main] INFO  o.s.d.r.config.RepositoryConfigurationDelegate - Bootstrapping Spring Data Redis repositories in DEFAULT mode.
2025-09-20 17:30:26.914 [main] INFO  o.s.d.r.config.RepositoryConfigurationDelegate - Finished Spring Data repository scanning in 19 ms. Found 0 Redis repository interfaces.
2025-09-20 17:30:27.371 [main] INFO  o.s.boot.web.embedded.tomcat.TomcatWebServer - Tomcat initialized with port 9090 (http)
2025-09-20 17:30:27.379 [main] INFO  org.apache.coyote.http11.Http11NioProtocol - Initializing ProtocolHandler ["http-nio-9090"]
2025-09-20 17:30:27.380 [main] INFO  org.apache.catalina.core.StandardService - Starting service [Tomcat]
2025-09-20 17:30:27.380 [main] INFO  org.apache.catalina.core.StandardEngine - Starting Servlet engine: [Apache Tomcat/10.1.42]
2025-09-20 17:30:27.449 [main] INFO  o.a.c.core.ContainerBase.[Tomcat].[localhost].[/] - Initializing Spring embedded WebApplicationContext
2025-09-20 17:30:27.450 [main] INFO  o.s.b.w.s.c.ServletWebServerApplicationContext - Root WebApplicationContext: initialization completed in 1041 ms
2025-09-20 17:30:27.635 [main] INFO  com.zaxxer.hikari.HikariDataSource - HikariPool-1 - Starting...
2025-09-20 17:30:27.846 [main] INFO  com.zaxxer.hikari.pool.HikariPool - HikariPool-1 - Added connection com.mysql.cj.jdbc.ConnectionImpl@6f8ac8d5
2025-09-20 17:30:27.848 [main] INFO  com.zaxxer.hikari.HikariDataSource - HikariPool-1 - Start completed.
2025-09-20 17:30:28.750 [main] INFO  org.apache.coyote.http11.Http11NioProtocol - Starting ProtocolHandler ["http-nio-9090"]
2025-09-20 17:30:28.765 [main] INFO  o.s.boot.web.embedded.tomcat.TomcatWebServer - Tomcat started on port 9090 (http) with context path '/'
2025-09-20 17:30:28.773 [main] INFO  fun.sast.ApprovalApplication - Started ApprovalApplication in 2.809 seconds (process running for 3.334)
2025-09-20 17:30:28.775 [main] INFO  fun.sast.ApprovalApplication - server started
2025-09-20 17:30:34.586 [http-nio-9090-exec-2] INFO  o.a.c.core.ContainerBase.[Tomcat].[localhost].[/] - Initializing Spring DispatcherServlet 'dispatcherServlet'
2025-09-20 17:30:34.587 [http-nio-9090-exec-2] INFO  org.springframework.web.servlet.DispatcherServlet - Initializing Servlet 'dispatcherServlet'
2025-09-20 17:30:34.587 [http-nio-9090-exec-2] INFO  org.springframework.web.servlet.DispatcherServlet - Completed initialization in 0 ms
2025-09-20 17:30:34.681 [http-nio-9090-exec-2] DEBUG fun.sast.mapper.UserMapper.selectList - ==>  Preparing: SELECT id,dep_id,name,code,password,role,major,contact,create_time,update_time,create_user,update_user,salt FROM user WHERE (code = ?)
2025-09-20 17:30:34.695 [http-nio-9090-exec-2] DEBUG fun.sast.mapper.UserMapper.selectList - ==> Parameters: admin(String)
2025-09-20 17:30:34.713 [http-nio-9090-exec-2] DEBUG fun.sast.mapper.UserMapper.selectList - <==      Total: 1
2025-09-20 17:51:06.388 [SpringApplicationShutdownHook] INFO  o.s.boot.web.embedded.tomcat.GracefulShutdown - Commencing graceful shutdown. Waiting for active requests to complete
2025-09-20 17:51:06.403 [tomcat-shutdown] INFO  o.s.boot.web.embedded.tomcat.GracefulShutdown - Graceful shutdown complete
2025-09-20 17:51:06.439 [SpringApplicationShutdownHook] INFO  com.zaxxer.hikari.HikariDataSource - HikariPool-1 - Shutdown initiated...
2025-09-20 17:51:06.446 [SpringApplicationShutdownHook] INFO  com.zaxxer.hikari.HikariDataSource - HikariPool-1 - Shutdown completed.
2025-09-20 17:52:17.843 [main] INFO  fun.sast.ApprovalApplication - Starting ApprovalApplication using Java 23.0.2 with PID 33156 (D:\soc\approval-system-backend\approval-server\target\classes started by Josda in D:\soc\approval-system-backend)
2025-09-20 17:52:17.844 [main] DEBUG fun.sast.ApprovalApplication - Running with Spring Boot v3.5.3, Spring v6.2.8
2025-09-20 17:52:17.845 [main] INFO  fun.sast.ApprovalApplication - No active profile set, falling back to 1 default profile: "default"
2025-09-20 17:52:18.352 [main] INFO  o.s.d.r.config.RepositoryConfigurationDelegate - Multiple Spring Data modules found, entering strict repository configuration mode
2025-09-20 17:52:18.354 [main] INFO  o.s.d.r.config.RepositoryConfigurationDelegate - Bootstrapping Spring Data Redis repositories in DEFAULT mode.
2025-09-20 17:52:18.386 [main] INFO  o.s.d.r.config.RepositoryConfigurationDelegate - Finished Spring Data repository scanning in 19 ms. Found 0 Redis repository interfaces.
2025-09-20 17:52:18.830 [main] INFO  o.s.boot.web.embedded.tomcat.TomcatWebServer - Tomcat initialized with port 9090 (http)
2025-09-20 17:52:18.843 [main] INFO  org.apache.coyote.http11.Http11NioProtocol - Initializing ProtocolHandler ["http-nio-9090"]
2025-09-20 17:52:18.845 [main] INFO  org.apache.catalina.core.StandardService - Starting service [Tomcat]
2025-09-20 17:52:18.846 [main] INFO  org.apache.catalina.core.StandardEngine - Starting Servlet engine: [Apache Tomcat/10.1.42]
2025-09-20 17:52:18.906 [main] INFO  o.a.c.core.ContainerBase.[Tomcat].[localhost].[/] - Initializing Spring embedded WebApplicationContext
2025-09-20 17:52:18.906 [main] INFO  o.s.b.w.s.c.ServletWebServerApplicationContext - Root WebApplicationContext: initialization completed in 1021 ms
2025-09-20 17:52:19.084 [main] INFO  com.zaxxer.hikari.HikariDataSource - HikariPool-1 - Starting...
2025-09-20 17:52:19.298 [main] INFO  com.zaxxer.hikari.pool.HikariPool - HikariPool-1 - Added connection com.mysql.cj.jdbc.ConnectionImpl@2f6f4ac4
2025-09-20 17:52:19.299 [main] INFO  com.zaxxer.hikari.HikariDataSource - HikariPool-1 - Start completed.
2025-09-20 17:52:20.119 [main] INFO  org.apache.coyote.http11.Http11NioProtocol - Starting ProtocolHandler ["http-nio-9090"]
2025-09-20 17:52:20.131 [main] INFO  o.s.boot.web.embedded.tomcat.TomcatWebServer - Tomcat started on port 9090 (http) with context path '/'
2025-09-20 17:52:20.136 [main] INFO  fun.sast.ApprovalApplication - Started ApprovalApplication in 2.744 seconds (process running for 3.26)
2025-09-20 17:52:20.140 [main] INFO  fun.sast.ApprovalApplication - server started
2025-09-20 17:52:24.464 [http-nio-9090-exec-1] INFO  o.a.c.core.ContainerBase.[Tomcat].[localhost].[/] - Initializing Spring DispatcherServlet 'dispatcherServlet'
2025-09-20 17:52:24.464 [http-nio-9090-exec-1] INFO  org.springframework.web.servlet.DispatcherServlet - Initializing Servlet 'dispatcherServlet'
2025-09-20 17:52:24.464 [http-nio-9090-exec-1] INFO  org.springframework.web.servlet.DispatcherServlet - Completed initialization in 0 ms
2025-09-20 17:52:24.554 [http-nio-9090-exec-1] DEBUG fun.sast.mapper.UserMapper.selectList - ==>  Preparing: SELECT id,dep_id,name,code,password,role,major,contact,create_time,update_time,create_user,update_user,salt FROM user WHERE (code = ?)
2025-09-20 17:52:24.568 [http-nio-9090-exec-1] DEBUG fun.sast.mapper.UserMapper.selectList - ==> Parameters: admin(String)
2025-09-20 17:52:24.591 [http-nio-9090-exec-1] DEBUG fun.sast.mapper.UserMapper.selectList - <==      Total: 1
2025-09-20 18:09:43.071 [SpringApplicationShutdownHook] INFO  o.s.boot.web.embedded.tomcat.GracefulShutdown - Commencing graceful shutdown. Waiting for active requests to complete
2025-09-20 18:09:43.079 [tomcat-shutdown] INFO  o.s.boot.web.embedded.tomcat.GracefulShutdown - Graceful shutdown complete
2025-09-20 18:09:43.100 [SpringApplicationShutdownHook] INFO  com.zaxxer.hikari.HikariDataSource - HikariPool-1 - Shutdown initiated...
2025-09-20 18:09:43.107 [SpringApplicationShutdownHook] INFO  com.zaxxer.hikari.HikariDataSource - HikariPool-1 - Shutdown completed.
2025-09-20 18:09:46.190 [main] INFO  fun.sast.ApprovalApplication - Starting ApprovalApplication using Java 23.0.2 with PID 7208 (D:\soc\approval-system-backend\approval-server\target\classes started by Josda in D:\soc\approval-system-backend)
2025-09-20 18:09:46.191 [main] DEBUG fun.sast.ApprovalApplication - Running with Spring Boot v3.5.3, Spring v6.2.8
2025-09-20 18:09:46.191 [main] INFO  fun.sast.ApprovalApplication - No active profile set, falling back to 1 default profile: "default"
2025-09-20 18:09:46.623 [main] INFO  o.s.d.r.config.RepositoryConfigurationDelegate - Multiple Spring Data modules found, entering strict repository configuration mode
2025-09-20 18:09:46.624 [main] INFO  o.s.d.r.config.RepositoryConfigurationDelegate - Bootstrapping Spring Data Redis repositories in DEFAULT mode.
2025-09-20 18:09:46.649 [main] INFO  o.s.d.r.config.RepositoryConfigurationDelegate - Finished Spring Data repository scanning in 17 ms. Found 0 Redis repository interfaces.
2025-09-20 18:09:47.074 [main] INFO  o.s.boot.web.embedded.tomcat.TomcatWebServer - Tomcat initialized with port 9090 (http)
2025-09-20 18:09:47.083 [main] INFO  org.apache.coyote.http11.Http11NioProtocol - Initializing ProtocolHandler ["http-nio-9090"]
2025-09-20 18:09:47.086 [main] INFO  org.apache.catalina.core.StandardService - Starting service [Tomcat]
2025-09-20 18:09:47.086 [main] INFO  org.apache.catalina.core.StandardEngine - Starting Servlet engine: [Apache Tomcat/10.1.42]
2025-09-20 18:09:47.158 [main] INFO  o.a.c.core.ContainerBase.[Tomcat].[localhost].[/] - Initializing Spring embedded WebApplicationContext
2025-09-20 18:09:47.158 [main] INFO  o.s.b.w.s.c.ServletWebServerApplicationContext - Root WebApplicationContext: initialization completed in 926 ms
2025-09-20 18:09:47.354 [main] INFO  com.zaxxer.hikari.HikariDataSource - HikariPool-1 - Starting...
2025-09-20 18:09:47.553 [main] INFO  com.zaxxer.hikari.pool.HikariPool - HikariPool-1 - Added connection com.mysql.cj.jdbc.ConnectionImpl@1e29a81a
2025-09-20 18:09:47.554 [main] INFO  com.zaxxer.hikari.HikariDataSource - HikariPool-1 - Start completed.
2025-09-20 18:09:48.387 [main] INFO  org.apache.coyote.http11.Http11NioProtocol - Starting ProtocolHandler ["http-nio-9090"]
2025-09-20 18:09:48.402 [main] INFO  o.s.boot.web.embedded.tomcat.TomcatWebServer - Tomcat started on port 9090 (http) with context path '/'
2025-09-20 18:09:48.408 [main] INFO  fun.sast.ApprovalApplication - Started ApprovalApplication in 2.584 seconds (process running for 3.085)
2025-09-20 18:09:48.410 [main] INFO  fun.sast.ApprovalApplication - server started
2025-09-20 18:09:54.255 [http-nio-9090-exec-3] INFO  o.a.c.core.ContainerBase.[Tomcat].[localhost].[/] - Initializing Spring DispatcherServlet 'dispatcherServlet'
2025-09-20 18:09:54.255 [http-nio-9090-exec-3] INFO  org.springframework.web.servlet.DispatcherServlet - Initializing Servlet 'dispatcherServlet'
2025-09-20 18:09:54.256 [http-nio-9090-exec-3] INFO  org.springframework.web.servlet.DispatcherServlet - Completed initialization in 1 ms
2025-09-20 18:09:54.332 [http-nio-9090-exec-3] DEBUG fun.sast.mapper.UserMapper.selectList - ==>  Preparing: SELECT id,dep_id,name,code,password,role,major,contact,create_time,update_time,create_user,update_user,salt FROM user WHERE (code = ?)
2025-09-20 18:09:54.361 [http-nio-9090-exec-3] DEBUG fun.sast.mapper.UserMapper.selectList - ==> Parameters: admin(String)
2025-09-20 18:09:54.384 [http-nio-9090-exec-3] DEBUG fun.sast.mapper.UserMapper.selectList - <==      Total: 1
2025-09-20 18:33:10.822 [http-nio-9090-exec-5] DEBUG fun.sast.mapper.UserMapper.selectList - ==>  Preparing: SELECT id,dep_id,name,code,password,role,major,contact,create_time,update_time,create_user,update_user,salt FROM user WHERE (code = ?)
2025-09-20 18:33:10.822 [http-nio-9090-exec-5] DEBUG fun.sast.mapper.UserMapper.selectList - ==> Parameters: admin(String)
2025-09-20 18:33:10.824 [http-nio-9090-exec-5] DEBUG fun.sast.mapper.UserMapper.selectList - <==      Total: 1
2025-09-20 18:33:10.991 [http-nio-9090-exec-5] DEBUG fun.sast.mapper.CompetitionMapper.selectById - ==>  Preparing: SELECT id,cover,introduce,is_review,max_team_members,min_team_members,name,reg_begin_time,reg_end_time,review_begin_time,review_end_time,review_settings,submit_begin_time,submit_end_time,`table`,type,user_code,create_time,update_time,create_user,update_user FROM competition WHERE id=?
2025-09-20 18:33:10.994 [http-nio-9090-exec-5] DEBUG fun.sast.mapper.CompetitionMapper.selectById - ==> Parameters: 1(Long)
2025-09-20 18:33:11.003 [http-nio-9090-exec-5] DEBUG fun.sast.mapper.CompetitionMapper.selectById - <==      Total: 1
2025-09-20 18:42:09.853 [SpringApplicationShutdownHook] INFO  o.s.boot.web.embedded.tomcat.GracefulShutdown - Commencing graceful shutdown. Waiting for active requests to complete
2025-09-20 18:42:09.864 [tomcat-shutdown] INFO  o.s.boot.web.embedded.tomcat.GracefulShutdown - Graceful shutdown complete
2025-09-20 18:42:09.886 [SpringApplicationShutdownHook] INFO  com.zaxxer.hikari.HikariDataSource - HikariPool-1 - Shutdown initiated...
2025-09-20 18:42:09.892 [SpringApplicationShutdownHook] INFO  com.zaxxer.hikari.HikariDataSource - HikariPool-1 - Shutdown completed.
2025-09-20 18:42:16.278 [main] INFO  fun.sast.ApprovalApplication - Starting ApprovalApplication using Java 23.0.2 with PID 3408 (D:\soc\approval-system-backend\approval-server\target\classes started by Josda in D:\soc\approval-system-backend)
2025-09-20 18:42:16.279 [main] DEBUG fun.sast.ApprovalApplication - Running with Spring Boot v3.5.3, Spring v6.2.8
2025-09-20 18:42:16.279 [main] INFO  fun.sast.ApprovalApplication - No active profile set, falling back to 1 default profile: "default"
2025-09-20 18:42:16.852 [main] INFO  o.s.d.r.config.RepositoryConfigurationDelegate - Multiple Spring Data modules found, entering strict repository configuration mode
2025-09-20 18:42:16.855 [main] INFO  o.s.d.r.config.RepositoryConfigurationDelegate - Bootstrapping Spring Data Redis repositories in DEFAULT mode.
2025-09-20 18:42:16.889 [main] INFO  o.s.d.r.config.RepositoryConfigurationDelegate - Finished Spring Data repository scanning in 19 ms. Found 0 Redis repository interfaces.
2025-09-20 18:42:17.382 [main] INFO  o.s.boot.web.embedded.tomcat.TomcatWebServer - Tomcat initialized with port 9090 (http)
2025-09-20 18:42:17.391 [main] INFO  org.apache.coyote.http11.Http11NioProtocol - Initializing ProtocolHandler ["http-nio-9090"]
2025-09-20 18:42:17.392 [main] INFO  org.apache.catalina.core.StandardService - Starting service [Tomcat]
2025-09-20 18:42:17.392 [main] INFO  org.apache.catalina.core.StandardEngine - Starting Servlet engine: [Apache Tomcat/10.1.42]
2025-09-20 18:42:17.449 [main] INFO  o.a.c.core.ContainerBase.[Tomcat].[localhost].[/] - Initializing Spring embedded WebApplicationContext
2025-09-20 18:42:17.449 [main] INFO  o.s.b.w.s.c.ServletWebServerApplicationContext - Root WebApplicationContext: initialization completed in 1126 ms
2025-09-20 18:42:17.635 [main] INFO  com.zaxxer.hikari.HikariDataSource - HikariPool-1 - Starting...
2025-09-20 18:42:17.896 [main] INFO  com.zaxxer.hikari.pool.HikariPool - HikariPool-1 - Added connection com.mysql.cj.jdbc.ConnectionImpl@4f541e67
2025-09-20 18:42:17.897 [main] INFO  com.zaxxer.hikari.HikariDataSource - HikariPool-1 - Start completed.
2025-09-20 18:42:18.792 [main] INFO  org.apache.coyote.http11.Http11NioProtocol - Starting ProtocolHandler ["http-nio-9090"]
2025-09-20 18:42:18.809 [main] INFO  o.s.boot.web.embedded.tomcat.TomcatWebServer - Tomcat started on port 9090 (http) with context path '/'
2025-09-20 18:42:18.814 [main] INFO  fun.sast.ApprovalApplication - Started ApprovalApplication in 3.017 seconds (process running for 3.656)
2025-09-20 18:42:18.817 [main] INFO  fun.sast.ApprovalApplication - server started
2025-09-20 18:42:22.362 [http-nio-9090-exec-2] INFO  o.a.c.core.ContainerBase.[Tomcat].[localhost].[/] - Initializing Spring DispatcherServlet 'dispatcherServlet'
2025-09-20 18:42:22.362 [http-nio-9090-exec-2] INFO  org.springframework.web.servlet.DispatcherServlet - Initializing Servlet 'dispatcherServlet'
2025-09-20 18:42:22.363 [http-nio-9090-exec-2] INFO  org.springframework.web.servlet.DispatcherServlet - Completed initialization in 1 ms
2025-09-20 18:42:22.437 [http-nio-9090-exec-2] DEBUG fun.sast.mapper.UserMapper.selectList - ==>  Preparing: SELECT id,dep_id,name,code,password,role,major,contact,create_time,update_time,create_user,update_user,salt FROM user WHERE (code = ?)
2025-09-20 18:42:22.451 [http-nio-9090-exec-2] DEBUG fun.sast.mapper.UserMapper.selectList - ==> Parameters: admin(String)
2025-09-20 18:42:22.472 [http-nio-9090-exec-2] DEBUG fun.sast.mapper.UserMapper.selectList - <==      Total: 1
2025-09-20 18:42:22.555 [http-nio-9090-exec-2] DEBUG fun.sast.mapper.CompetitionMapper.selectById - ==>  Preparing: SELECT id,cover,introduce,is_review,max_team_members,min_team_members,name,reg_begin_time,reg_end_time,review_begin_time,review_end_time,review_settings,submit_begin_time,submit_end_time,`table`,type,user_code,create_time,update_time,create_user,update_user FROM competition WHERE id=?
2025-09-20 18:42:22.558 [http-nio-9090-exec-2] DEBUG fun.sast.mapper.CompetitionMapper.selectById - ==> Parameters: 1(Long)
2025-09-20 18:42:22.560 [http-nio-9090-exec-2] DEBUG fun.sast.mapper.CompetitionMapper.selectById - <==      Total: 1
2025-09-20 18:43:35.750 [http-nio-9090-exec-5] DEBUG fun.sast.mapper.UserMapper.selectList - ==>  Preparing: SELECT id,dep_id,name,code,password,role,major,contact,create_time,update_time,create_user,update_user,salt FROM user WHERE (code = ?)
2025-09-20 18:43:35.750 [http-nio-9090-exec-5] DEBUG fun.sast.mapper.UserMapper.selectList - ==> Parameters: admin(String)
2025-09-20 18:43:35.751 [http-nio-9090-exec-5] DEBUG fun.sast.mapper.UserMapper.selectList - <==      Total: 1
2025-09-20 18:43:35.756 [http-nio-9090-exec-5] DEBUG f.s.mapper.TeamMapper.selectSignedComIdsByUserId - ==>  Preparing: SELECT com_id FROM team WHERE create_user = ?
2025-09-20 18:43:35.756 [http-nio-9090-exec-5] DEBUG f.s.mapper.TeamMapper.selectSignedComIdsByUserId - ==> Parameters: 9(Integer)
2025-09-20 18:43:35.760 [http-nio-9090-exec-5] DEBUG f.s.mapper.TeamMapper.selectSignedComIdsByUserId - <==      Total: 0
2025-09-20 18:43:48.170 [http-nio-9090-exec-9] DEBUG fun.sast.mapper.UserMapper.selectList - ==>  Preparing: SELECT id,dep_id,name,code,password,role,major,contact,create_time,update_time,create_user,update_user,salt FROM user WHERE (code = ?)
2025-09-20 18:43:48.171 [http-nio-9090-exec-9] DEBUG fun.sast.mapper.UserMapper.selectList - ==> Parameters: admin(String)
2025-09-20 18:43:48.172 [http-nio-9090-exec-9] DEBUG fun.sast.mapper.UserMapper.selectList - <==      Total: 1
2025-09-20 18:43:48.173 [http-nio-9090-exec-9] DEBUG fun.sast.mapper.CompetitionMapper.selectById - ==>  Preparing: SELECT id,cover,introduce,is_review,max_team_members,min_team_members,name,reg_begin_time,reg_end_time,review_begin_time,review_end_time,review_settings,submit_begin_time,submit_end_time,`table`,type,user_code,create_time,update_time,create_user,update_user FROM competition WHERE id=?
2025-09-20 18:43:48.173 [http-nio-9090-exec-9] DEBUG fun.sast.mapper.CompetitionMapper.selectById - ==> Parameters: 1(Long)
2025-09-20 18:43:48.176 [http-nio-9090-exec-9] DEBUG fun.sast.mapper.CompetitionMapper.selectById - <==      Total: 1
2025-09-20 18:43:52.772 [http-nio-9090-exec-7] DEBUG fun.sast.mapper.UserMapper.selectList - ==>  Preparing: SELECT id,dep_id,name,code,password,role,major,contact,create_time,update_time,create_user,update_user,salt FROM user WHERE (code = ?)
2025-09-20 18:43:52.772 [http-nio-9090-exec-7] DEBUG fun.sast.mapper.UserMapper.selectList - ==> Parameters: admin(String)
2025-09-20 18:43:52.773 [http-nio-9090-exec-7] DEBUG fun.sast.mapper.UserMapper.selectList - <==      Total: 1
2025-09-20 18:43:52.774 [http-nio-9090-exec-7] DEBUG fun.sast.mapper.CompetitionMapper.selectById - ==>  Preparing: SELECT id,cover,introduce,is_review,max_team_members,min_team_members,name,reg_begin_time,reg_end_time,review_begin_time,review_end_time,review_settings,submit_begin_time,submit_end_time,`table`,type,user_code,create_time,update_time,create_user,update_user FROM competition WHERE id=?
2025-09-20 18:43:52.774 [http-nio-9090-exec-7] DEBUG fun.sast.mapper.CompetitionMapper.selectById - ==> Parameters: 1(Long)
2025-09-20 18:43:52.774 [http-nio-9090-exec-7] DEBUG fun.sast.mapper.CompetitionMapper.selectById - <==      Total: 1
2025-09-20 18:55:22.064 [SpringApplicationShutdownHook] INFO  o.s.boot.web.embedded.tomcat.GracefulShutdown - Commencing graceful shutdown. Waiting for active requests to complete
2025-09-20 18:55:22.073 [tomcat-shutdown] INFO  o.s.boot.web.embedded.tomcat.GracefulShutdown - Graceful shutdown complete
2025-09-20 18:55:22.097 [SpringApplicationShutdownHook] INFO  com.zaxxer.hikari.HikariDataSource - HikariPool-1 - Shutdown initiated...
2025-09-20 18:55:22.107 [SpringApplicationShutdownHook] INFO  com.zaxxer.hikari.HikariDataSource - HikariPool-1 - Shutdown completed.
2025-09-20 18:55:24.514 [main] INFO  fun.sast.ApprovalApplication - Starting ApprovalApplication using Java 23.0.2 with PID 10112 (D:\soc\approval-system-backend\approval-server\target\classes started by Josda in D:\soc\approval-system-backend)
2025-09-20 18:55:24.515 [main] DEBUG fun.sast.ApprovalApplication - Running with Spring Boot v3.5.3, Spring v6.2.8
2025-09-20 18:55:24.515 [main] INFO  fun.sast.ApprovalApplication - No active profile set, falling back to 1 default profile: "default"
2025-09-20 18:55:24.938 [main] INFO  o.s.d.r.config.RepositoryConfigurationDelegate - Multiple Spring Data modules found, entering strict repository configuration mode
2025-09-20 18:55:24.940 [main] INFO  o.s.d.r.config.RepositoryConfigurationDelegate - Bootstrapping Spring Data Redis repositories in DEFAULT mode.
2025-09-20 18:55:24.967 [main] INFO  o.s.d.r.config.RepositoryConfigurationDelegate - Finished Spring Data repository scanning in 16 ms. Found 0 Redis repository interfaces.
2025-09-20 18:55:25.377 [main] INFO  o.s.boot.web.embedded.tomcat.TomcatWebServer - Tomcat initialized with port 9090 (http)
2025-09-20 18:55:25.394 [main] INFO  org.apache.coyote.http11.Http11NioProtocol - Initializing ProtocolHandler ["http-nio-9090"]
2025-09-20 18:55:25.394 [main] INFO  org.apache.catalina.core.StandardService - Starting service [Tomcat]
2025-09-20 18:55:25.394 [main] INFO  org.apache.catalina.core.StandardEngine - Starting Servlet engine: [Apache Tomcat/10.1.42]
2025-09-20 18:55:25.451 [main] INFO  o.a.c.core.ContainerBase.[Tomcat].[localhost].[/] - Initializing Spring embedded WebApplicationContext
2025-09-20 18:55:25.451 [main] INFO  o.s.b.w.s.c.ServletWebServerApplicationContext - Root WebApplicationContext: initialization completed in 893 ms
2025-09-20 18:55:25.628 [main] INFO  com.zaxxer.hikari.HikariDataSource - HikariPool-1 - Starting...
2025-09-20 18:55:25.855 [main] INFO  com.zaxxer.hikari.pool.HikariPool - HikariPool-1 - Added connection com.mysql.cj.jdbc.ConnectionImpl@1a0ffb9b
2025-09-20 18:55:25.857 [main] INFO  com.zaxxer.hikari.HikariDataSource - HikariPool-1 - Start completed.
2025-09-20 18:55:26.696 [main] INFO  org.apache.coyote.http11.Http11NioProtocol - Starting ProtocolHandler ["http-nio-9090"]
2025-09-20 18:55:26.708 [main] INFO  o.s.boot.web.embedded.tomcat.TomcatWebServer - Tomcat started on port 9090 (http) with context path '/'
2025-09-20 18:55:26.712 [main] INFO  fun.sast.ApprovalApplication - Started ApprovalApplication in 2.591 seconds (process running for 3.25)
2025-09-20 18:55:26.716 [main] INFO  fun.sast.ApprovalApplication - server started
2025-09-20 18:55:31.248 [http-nio-9090-exec-5] INFO  o.a.c.core.ContainerBase.[Tomcat].[localhost].[/] - Initializing Spring DispatcherServlet 'dispatcherServlet'
2025-09-20 18:55:31.248 [http-nio-9090-exec-5] INFO  org.springframework.web.servlet.DispatcherServlet - Initializing Servlet 'dispatcherServlet'
2025-09-20 18:55:31.249 [http-nio-9090-exec-5] INFO  org.springframework.web.servlet.DispatcherServlet - Completed initialization in 1 ms
2025-09-20 18:55:31.329 [http-nio-9090-exec-5] DEBUG fun.sast.mapper.UserMapper.selectList - ==>  Preparing: SELECT id,dep_id,name,code,password,role,major,contact,create_time,update_time,create_user,update_user,salt FROM user WHERE (code = ?)
2025-09-20 18:55:31.343 [http-nio-9090-exec-5] DEBUG fun.sast.mapper.UserMapper.selectList - ==> Parameters: admin(String)
2025-09-20 18:55:31.361 [http-nio-9090-exec-5] DEBUG fun.sast.mapper.UserMapper.selectList - <==      Total: 1
2025-09-20 18:55:31.446 [http-nio-9090-exec-5] DEBUG fun.sast.mapper.CompetitionMapper.selectById - ==>  Preparing: SELECT id,cover,introduce,is_review,max_team_members,min_team_members,name,reg_begin_time,reg_end_time,review_begin_time,review_end_time,review_settings,submit_begin_time,submit_end_time,`table`,type,user_code,create_time,update_time,create_user,update_user FROM competition WHERE id=?
2025-09-20 18:55:31.447 [http-nio-9090-exec-5] DEBUG fun.sast.mapper.CompetitionMapper.selectById - ==> Parameters: 1(Long)
2025-09-20 18:55:31.449 [http-nio-9090-exec-5] DEBUG fun.sast.mapper.CompetitionMapper.selectById - <==      Total: 1
2025-09-20 18:55:31.451 [http-nio-9090-exec-5] DEBUG fun.sast.mapper.TeamMapper.selectList - ==>  Preparing: SELECT id,com_id,name,captain,member,teacher,create_user,update_user,create_time,update_time FROM team WHERE (com_id = ? AND captain = ?)
2025-09-20 18:55:31.451 [http-nio-9090-exec-5] DEBUG fun.sast.mapper.TeamMapper.selectList - ==> Parameters: 1(Long), admin(String)
2025-09-20 18:55:31.453 [http-nio-9090-exec-5] DEBUG fun.sast.mapper.TeamMapper.selectList - <==      Total: 0
2025-09-20 18:55:31.463 [http-nio-9090-exec-5] DEBUG fun.sast.mapper.TeamMapper.insert - ==>  Preparing: INSERT INTO team ( com_id, name, captain, member, teacher, create_user, update_user ) VALUES ( ?, ?, ?, ?, ?, ?, ? )
2025-09-20 18:55:31.464 [http-nio-9090-exec-5] DEBUG fun.sast.mapper.TeamMapper.insert - ==> Parameters: 1(Long), 示例团队(String), admin(String), [{"name":"成员1","code":"M001","college":"计算机学院","major":"计算机科学与技术"},{"name":"成员2","code":"M002","college":"软件学院","major":"软件工程"}](String), [{"name":"张老师","code":"T001"},{"name":"李老师","code":"T002"}](String), 9(Long), 9(Long)
2025-09-20 18:55:31.474 [http-nio-9090-exec-5] DEBUG fun.sast.mapper.TeamMapper.insert - <==    Updates: 1
2025-09-20 18:55:31.475 [http-nio-9090-exec-5] INFO  fun.sast.service.impl.UserServiceImpl - 用户 9 报名比赛 1 成功
2025-09-20 18:55:52.968 [http-nio-9090-exec-3] DEBUG fun.sast.mapper.UserMapper.selectList - ==>  Preparing: SELECT id,dep_id,name,code,password,role,major,contact,create_time,update_time,create_user,update_user,salt FROM user WHERE (code = ?)
2025-09-20 18:55:52.970 [http-nio-9090-exec-3] DEBUG fun.sast.mapper.UserMapper.selectList - ==> Parameters: admin(String)
2025-09-20 18:55:52.971 [http-nio-9090-exec-3] DEBUG fun.sast.mapper.UserMapper.selectList - <==      Total: 1
2025-09-20 18:55:52.975 [http-nio-9090-exec-3] DEBUG f.s.mapper.TeamMapper.selectSignedComIdsByUserId - ==>  Preparing: SELECT com_id FROM team WHERE create_user = ?
2025-09-20 18:55:52.975 [http-nio-9090-exec-3] DEBUG f.s.mapper.TeamMapper.selectSignedComIdsByUserId - ==> Parameters: 9(Integer)
2025-09-20 18:55:52.977 [http-nio-9090-exec-3] DEBUG f.s.mapper.TeamMapper.selectSignedComIdsByUserId - <==      Total: 1
2025-09-20 18:55:52.984 [http-nio-9090-exec-3] DEBUG fun.sast.mapper.CompetitionMapper.selectList - ==>  Preparing: SELECT id,cover,introduce,is_review,max_team_members,min_team_members,name,reg_begin_time,reg_end_time,review_begin_time,review_end_time,review_settings,submit_begin_time,submit_end_time,`table`,type,user_code,create_time,update_time,create_user,update_user FROM competition WHERE (id IN (?)) ORDER BY id DESC
2025-09-20 18:55:52.985 [http-nio-9090-exec-3] DEBUG fun.sast.mapper.CompetitionMapper.selectList - ==> Parameters: 1(Long)
2025-09-20 18:55:52.988 [http-nio-9090-exec-3] DEBUG fun.sast.mapper.CompetitionMapper.selectList - <==      Total: 1
2025-09-20 18:56:04.546 [http-nio-9090-exec-4] DEBUG fun.sast.mapper.UserMapper.selectList - ==>  Preparing: SELECT id,dep_id,name,code,password,role,major,contact,create_time,update_time,create_user,update_user,salt FROM user WHERE (code = ?)
2025-09-20 18:56:04.548 [http-nio-9090-exec-4] DEBUG fun.sast.mapper.UserMapper.selectList - ==> Parameters: admin(String)
2025-09-20 18:56:04.549 [http-nio-9090-exec-4] DEBUG fun.sast.mapper.UserMapper.selectList - <==      Total: 1
2025-09-20 18:56:24.744 [http-nio-9090-exec-6] DEBUG fun.sast.mapper.UserMapper.selectList - ==>  Preparing: SELECT id,dep_id,name,code,password,role,major,contact,create_time,update_time,create_user,update_user,salt FROM user WHERE (code = ?)
2025-09-20 18:56:24.745 [http-nio-9090-exec-6] DEBUG fun.sast.mapper.UserMapper.selectList - ==> Parameters: admin(String)
2025-09-20 18:56:24.746 [http-nio-9090-exec-6] DEBUG fun.sast.mapper.UserMapper.selectList - <==      Total: 1
2025-09-20 19:06:03.857 [http-nio-9090-exec-8] DEBUG fun.sast.mapper.UserMapper.selectList - ==>  Preparing: SELECT id,dep_id,name,code,password,role,major,contact,create_time,update_time,create_user,update_user,salt FROM user WHERE (code = ?)
2025-09-20 19:06:03.858 [http-nio-9090-exec-8] DEBUG fun.sast.mapper.UserMapper.selectList - ==> Parameters: admin(String)
2025-09-20 19:06:03.859 [http-nio-9090-exec-8] DEBUG fun.sast.mapper.UserMapper.selectList - <==      Total: 1
2025-09-20 19:07:13.298 [http-nio-9090-exec-1] DEBUG fun.sast.mapper.CompetitionMapper.selectList - ==>  Preparing: SELECT id,cover,introduce,is_review,max_team_members,min_team_members,name,reg_begin_time,reg_end_time,review_begin_time,review_end_time,review_settings,submit_begin_time,submit_end_time,`table`,type,user_code,create_time,update_time,create_user,update_user FROM competition WHERE (is_review = ?) ORDER BY id DESC
2025-09-20 19:07:13.298 [http-nio-9090-exec-1] DEBUG fun.sast.mapper.CompetitionMapper.selectList - ==> Parameters: 0(Integer)
2025-09-20 19:07:13.303 [http-nio-9090-exec-1] DEBUG fun.sast.mapper.CompetitionMapper.selectList - <==      Total: 4
2025-09-20 19:22:09.427 [SpringApplicationShutdownHook] INFO  o.s.boot.web.embedded.tomcat.GracefulShutdown - Commencing graceful shutdown. Waiting for active requests to complete
2025-09-20 19:22:09.433 [tomcat-shutdown] INFO  o.s.boot.web.embedded.tomcat.GracefulShutdown - Graceful shutdown complete
2025-09-20 19:22:09.467 [SpringApplicationShutdownHook] INFO  com.zaxxer.hikari.HikariDataSource - HikariPool-1 - Shutdown initiated...
2025-09-20 19:22:09.474 [SpringApplicationShutdownHook] INFO  com.zaxxer.hikari.HikariDataSource - HikariPool-1 - Shutdown completed.
2025-09-20 19:22:15.077 [main] INFO  fun.sast.ApprovalApplication - Starting ApprovalApplication using Java 23.0.2 with PID 7604 (D:\soc\approval-system-backend\approval-server\target\classes started by Josda in D:\soc\approval-system-backend)
2025-09-20 19:22:15.078 [main] DEBUG fun.sast.ApprovalApplication - Running with Spring Boot v3.5.3, Spring v6.2.8
2025-09-20 19:22:15.078 [main] INFO  fun.sast.ApprovalApplication - No active profile set, falling back to 1 default profile: "default"
2025-09-20 19:22:15.547 [main] INFO  o.s.d.r.config.RepositoryConfigurationDelegate - Multiple Spring Data modules found, entering strict repository configuration mode
2025-09-20 19:22:15.549 [main] INFO  o.s.d.r.config.RepositoryConfigurationDelegate - Bootstrapping Spring Data Redis repositories in DEFAULT mode.
2025-09-20 19:22:15.578 [main] INFO  o.s.d.r.config.RepositoryConfigurationDelegate - Finished Spring Data repository scanning in 19 ms. Found 0 Redis repository interfaces.
2025-09-20 19:22:16.069 [main] INFO  o.s.boot.web.embedded.tomcat.TomcatWebServer - Tomcat initialized with port 9090 (http)
2025-09-20 19:22:16.078 [main] INFO  org.apache.coyote.http11.Http11NioProtocol - Initializing ProtocolHandler ["http-nio-9090"]
2025-09-20 19:22:16.079 [main] INFO  org.apache.catalina.core.StandardService - Starting service [Tomcat]
2025-09-20 19:22:16.079 [main] INFO  org.apache.catalina.core.StandardEngine - Starting Servlet engine: [Apache Tomcat/10.1.42]
2025-09-20 19:22:16.136 [main] INFO  o.a.c.core.ContainerBase.[Tomcat].[localhost].[/] - Initializing Spring embedded WebApplicationContext
2025-09-20 19:22:16.136 [main] INFO  o.s.b.w.s.c.ServletWebServerApplicationContext - Root WebApplicationContext: initialization completed in 1019 ms
2025-09-20 19:22:16.342 [main] INFO  com.zaxxer.hikari.HikariDataSource - HikariPool-1 - Starting...
2025-09-20 19:22:16.604 [main] INFO  com.zaxxer.hikari.pool.HikariPool - HikariPool-1 - Added connection com.mysql.cj.jdbc.ConnectionImpl@531a716c
2025-09-20 19:22:16.605 [main] INFO  com.zaxxer.hikari.HikariDataSource - HikariPool-1 - Start completed.
2025-09-20 19:22:17.448 [main] INFO  org.apache.coyote.http11.Http11NioProtocol - Starting ProtocolHandler ["http-nio-9090"]
2025-09-20 19:22:17.462 [main] INFO  o.s.boot.web.embedded.tomcat.TomcatWebServer - Tomcat started on port 9090 (http) with context path '/'
2025-09-20 19:22:17.467 [main] INFO  fun.sast.ApprovalApplication - Started ApprovalApplication in 2.818 seconds (process running for 3.357)
2025-09-20 19:22:17.469 [main] INFO  fun.sast.ApprovalApplication - server started
2025-09-20 19:22:26.277 [http-nio-9090-exec-2] INFO  o.a.c.core.ContainerBase.[Tomcat].[localhost].[/] - Initializing Spring DispatcherServlet 'dispatcherServlet'
2025-09-20 19:22:26.277 [http-nio-9090-exec-2] INFO  org.springframework.web.servlet.DispatcherServlet - Initializing Servlet 'dispatcherServlet'
2025-09-20 19:22:26.277 [http-nio-9090-exec-2] INFO  org.springframework.web.servlet.DispatcherServlet - Completed initialization in 0 ms
2025-09-20 19:22:26.352 [http-nio-9090-exec-2] DEBUG fun.sast.mapper.UserMapper.selectList - ==>  Preparing: SELECT id,dep_id,name,code,password,role,major,contact,create_time,update_time,create_user,update_user,salt FROM user WHERE (code = ?)
2025-09-20 19:22:26.364 [http-nio-9090-exec-2] DEBUG fun.sast.mapper.UserMapper.selectList - ==> Parameters: admin(String)
2025-09-20 19:22:26.408 [http-nio-9090-exec-2] DEBUG fun.sast.mapper.UserMapper.selectList - <==      Total: 1
2025-09-20 19:28:50.057 [http-nio-9090-exec-5] DEBUG fun.sast.mapper.UserMapper.selectList - ==>  Preparing: SELECT id,dep_id,name,code,password,role,major,contact,create_time,update_time,create_user,update_user,salt FROM user WHERE (code = ?)
2025-09-20 19:28:50.058 [http-nio-9090-exec-5] DEBUG fun.sast.mapper.UserMapper.selectList - ==> Parameters: admin(String)
2025-09-20 19:28:50.060 [http-nio-9090-exec-5] DEBUG fun.sast.mapper.UserMapper.selectList - <==      Total: 1
2025-09-20 19:36:49.590 [SpringApplicationShutdownHook] INFO  o.s.boot.web.embedded.tomcat.GracefulShutdown - Commencing graceful shutdown. Waiting for active requests to complete
2025-09-20 19:36:49.600 [tomcat-shutdown] INFO  o.s.boot.web.embedded.tomcat.GracefulShutdown - Graceful shutdown complete
2025-09-20 19:36:49.621 [SpringApplicationShutdownHook] INFO  com.zaxxer.hikari.HikariDataSource - HikariPool-1 - Shutdown initiated...
2025-09-20 19:36:49.627 [SpringApplicationShutdownHook] INFO  com.zaxxer.hikari.HikariDataSource - HikariPool-1 - Shutdown completed.
2025-09-20 19:36:54.672 [main] INFO  fun.sast.ApprovalApplication - Starting ApprovalApplication using Java 23.0.2 with PID 34436 (D:\soc\approval-system-backend\approval-server\target\classes started by Josda in D:\soc\approval-system-backend)
2025-09-20 19:36:54.673 [main] DEBUG fun.sast.ApprovalApplication - Running with Spring Boot v3.5.3, Spring v6.2.8
2025-09-20 19:36:54.673 [main] INFO  fun.sast.ApprovalApplication - No active profile set, falling back to 1 default profile: "default"
2025-09-20 19:36:55.150 [main] INFO  o.s.d.r.config.RepositoryConfigurationDelegate - Multiple Spring Data modules found, entering strict repository configuration mode
2025-09-20 19:36:55.151 [main] INFO  o.s.d.r.config.RepositoryConfigurationDelegate - Bootstrapping Spring Data Redis repositories in DEFAULT mode.
2025-09-20 19:36:55.176 [main] INFO  o.s.d.r.config.RepositoryConfigurationDelegate - Finished Spring Data repository scanning in 16 ms. Found 0 Redis repository interfaces.
2025-09-20 19:36:55.613 [main] INFO  o.s.boot.web.embedded.tomcat.TomcatWebServer - Tomcat initialized with port 9090 (http)
2025-09-20 19:36:55.621 [main] INFO  org.apache.coyote.http11.Http11NioProtocol - Initializing ProtocolHandler ["http-nio-9090"]
2025-09-20 19:36:55.623 [main] INFO  org.apache.catalina.core.StandardService - Starting service [Tomcat]
2025-09-20 19:36:55.623 [main] INFO  org.apache.catalina.core.StandardEngine - Starting Servlet engine: [Apache Tomcat/10.1.42]
2025-09-20 19:36:55.680 [main] INFO  o.a.c.core.ContainerBase.[Tomcat].[localhost].[/] - Initializing Spring embedded WebApplicationContext
2025-09-20 19:36:55.680 [main] INFO  o.s.b.w.s.c.ServletWebServerApplicationContext - Root WebApplicationContext: initialization completed in 961 ms
2025-09-20 19:36:55.880 [main] INFO  com.zaxxer.hikari.HikariDataSource - HikariPool-1 - Starting...
2025-09-20 19:36:56.088 [main] INFO  com.zaxxer.hikari.pool.HikariPool - HikariPool-1 - Added connection com.mysql.cj.jdbc.ConnectionImpl@6f8ac8d5
2025-09-20 19:36:56.089 [main] INFO  com.zaxxer.hikari.HikariDataSource - HikariPool-1 - Start completed.
2025-09-20 19:36:56.909 [main] INFO  org.apache.coyote.http11.Http11NioProtocol - Starting ProtocolHandler ["http-nio-9090"]
2025-09-20 19:36:56.923 [main] INFO  o.s.boot.web.embedded.tomcat.TomcatWebServer - Tomcat started on port 9090 (http) with context path '/'
2025-09-20 19:36:56.928 [main] INFO  fun.sast.ApprovalApplication - Started ApprovalApplication in 2.674 seconds (process running for 3.19)
2025-09-20 19:36:56.931 [main] INFO  fun.sast.ApprovalApplication - server started
2025-09-20 19:37:04.149 [http-nio-9090-exec-2] INFO  o.a.c.core.ContainerBase.[Tomcat].[localhost].[/] - Initializing Spring DispatcherServlet 'dispatcherServlet'
2025-09-20 19:37:04.149 [http-nio-9090-exec-2] INFO  org.springframework.web.servlet.DispatcherServlet - Initializing Servlet 'dispatcherServlet'
2025-09-20 19:37:04.150 [http-nio-9090-exec-2] INFO  org.springframework.web.servlet.DispatcherServlet - Completed initialization in 0 ms
2025-09-20 19:37:04.225 [http-nio-9090-exec-2] DEBUG fun.sast.mapper.UserMapper.selectList - ==>  Preparing: SELECT id,dep_id,name,code,password,role,major,contact,create_time,update_time,create_user,update_user,salt FROM user WHERE (code = ?)
2025-09-20 19:37:04.239 [http-nio-9090-exec-2] DEBUG fun.sast.mapper.UserMapper.selectList - ==> Parameters: admin(String)
2025-09-20 19:37:04.259 [http-nio-9090-exec-2] DEBUG fun.sast.mapper.UserMapper.selectList - <==      Total: 1
2025-09-20 19:40:54.811 [http-nio-9090-exec-5] DEBUG fun.sast.mapper.UserMapper.selectList - ==>  Preparing: SELECT id,dep_id,name,code,password,role,major,contact,create_time,update_time,create_user,update_user,salt FROM user WHERE (code = ?)
2025-09-20 19:40:54.811 [http-nio-9090-exec-5] DEBUG fun.sast.mapper.UserMapper.selectList - ==> Parameters: admin(String)
2025-09-20 19:40:54.813 [http-nio-9090-exec-5] DEBUG fun.sast.mapper.UserMapper.selectList - <==      Total: 1
2025-09-20 19:40:54.833 [http-nio-9090-exec-5] INFO  fun.sast.service.impl.UserServiceImpl - 查询比赛详情: 比赛ID=1
2025-09-20 19:40:54.835 [http-nio-9090-exec-5] DEBUG fun.sast.mapper.CompetitionMapper.selectById - ==>  Preparing: SELECT id,cover,introduce,is_review,max_team_members,min_team_members,name,reg_begin_time,reg_end_time,review_begin_time,review_end_time,review_settings,submit_begin_time,submit_end_time,`table`,type,user_code,create_time,update_time,create_user,update_user FROM competition WHERE id=?
2025-09-20 19:40:54.836 [http-nio-9090-exec-5] DEBUG fun.sast.mapper.CompetitionMapper.selectById - ==> Parameters: 1(Long)
2025-09-20 19:40:54.841 [http-nio-9090-exec-5] DEBUG fun.sast.mapper.CompetitionMapper.selectById - <==      Total: 1
2025-09-20 19:40:54.842 [http-nio-9090-exec-5] INFO  fun.sast.service.impl.UserServiceImpl - 查询比赛详情成功: 比赛ID=1, 比赛名称=全国大学生科技创新大赛
2025-09-20 19:43:46.286 [http-nio-9090-exec-1] DEBUG fun.sast.mapper.UserMapper.selectList - ==>  Preparing: SELECT id,dep_id,name,code,password,role,major,contact,create_time,update_time,create_user,update_user,salt FROM user WHERE (code = ?)
2025-09-20 19:43:46.286 [http-nio-9090-exec-1] DEBUG fun.sast.mapper.UserMapper.selectList - ==> Parameters: admin(String)
2025-09-20 19:43:46.288 [http-nio-9090-exec-1] DEBUG fun.sast.mapper.UserMapper.selectList - <==      Total: 1
2025-09-20 19:44:05.585 [http-nio-9090-exec-2] DEBUG fun.sast.mapper.UserMapper.selectList - ==>  Preparing: SELECT id,dep_id,name,code,password,role,major,contact,create_time,update_time,create_user,update_user,salt FROM user WHERE (code = ?)
2025-09-20 19:44:05.586 [http-nio-9090-exec-2] DEBUG fun.sast.mapper.UserMapper.selectList - ==> Parameters: admin(String)
2025-09-20 19:44:05.587 [http-nio-9090-exec-2] DEBUG fun.sast.mapper.UserMapper.selectList - <==      Total: 1
2025-09-20 19:44:05.588 [http-nio-9090-exec-2] DEBUG fun.sast.mapper.CompetitionMapper.selectById - ==>  Preparing: SELECT id,cover,introduce,is_review,max_team_members,min_team_members,name,reg_begin_time,reg_end_time,review_begin_time,review_end_time,review_settings,submit_begin_time,submit_end_time,`table`,type,user_code,create_time,update_time,create_user,update_user FROM competition WHERE id=?
2025-09-20 19:44:05.588 [http-nio-9090-exec-2] DEBUG fun.sast.mapper.CompetitionMapper.selectById - ==> Parameters: 1(Long)
2025-09-20 19:44:05.590 [http-nio-9090-exec-2] DEBUG fun.sast.mapper.CompetitionMapper.selectById - <==      Total: 1
2025-09-20 19:44:05.591 [http-nio-9090-exec-2] DEBUG fun.sast.mapper.TeamMapper.selectList - ==>  Preparing: SELECT id,com_id,name,captain,member,teacher,create_user,update_user,create_time,update_time FROM team WHERE (com_id = ? AND captain = ?)
2025-09-20 19:44:05.591 [http-nio-9090-exec-2] DEBUG fun.sast.mapper.TeamMapper.selectList - ==> Parameters: 1(Long), admin(String)
2025-09-20 19:44:05.593 [http-nio-9090-exec-2] DEBUG fun.sast.mapper.TeamMapper.selectList - <==      Total: 1
2025-09-20 19:44:05.713 [http-nio-9090-exec-2] INFO  fun.sast.service.impl.UserServiceImpl - 用户 9 查询比赛 1 的报名信息成功
2025-09-20 19:49:11.923 [SpringApplicationShutdownHook] INFO  o.s.boot.web.embedded.tomcat.GracefulShutdown - Commencing graceful shutdown. Waiting for active requests to complete
2025-09-20 19:49:11.928 [tomcat-shutdown] INFO  o.s.boot.web.embedded.tomcat.GracefulShutdown - Graceful shutdown complete
2025-09-20 19:49:11.944 [SpringApplicationShutdownHook] INFO  com.zaxxer.hikari.HikariDataSource - HikariPool-1 - Shutdown initiated...
2025-09-20 19:49:11.950 [SpringApplicationShutdownHook] INFO  com.zaxxer.hikari.HikariDataSource - HikariPool-1 - Shutdown completed.
2025-09-20 19:58:05.485 [main] INFO  fun.sast.ApprovalApplication - Starting ApprovalApplication using Java 23.0.2 with PID 22780 (D:\soc\approval-system-backend\approval-server\target\classes started by Josda in D:\soc\approval-system-backend)
2025-09-20 19:58:05.487 [main] DEBUG fun.sast.ApprovalApplication - Running with Spring Boot v3.5.3, Spring v6.2.8
2025-09-20 19:58:05.487 [main] INFO  fun.sast.ApprovalApplication - No active profile set, falling back to 1 default profile: "default"
2025-09-20 19:58:06.007 [main] INFO  o.s.d.r.config.RepositoryConfigurationDelegate - Multiple Spring Data modules found, entering strict repository configuration mode
2025-09-20 19:58:06.008 [main] INFO  o.s.d.r.config.RepositoryConfigurationDelegate - Bootstrapping Spring Data Redis repositories in DEFAULT mode.
2025-09-20 19:58:06.035 [main] INFO  o.s.d.r.config.RepositoryConfigurationDelegate - Finished Spring Data repository scanning in 17 ms. Found 0 Redis repository interfaces.
2025-09-20 19:58:06.480 [main] INFO  o.s.boot.web.embedded.tomcat.TomcatWebServer - Tomcat initialized with port 9090 (http)
2025-09-20 19:58:06.489 [main] INFO  org.apache.coyote.http11.Http11NioProtocol - Initializing ProtocolHandler ["http-nio-9090"]
2025-09-20 19:58:06.490 [main] INFO  org.apache.catalina.core.StandardService - Starting service [Tomcat]
2025-09-20 19:58:06.490 [main] INFO  org.apache.catalina.core.StandardEngine - Starting Servlet engine: [Apache Tomcat/10.1.42]
2025-09-20 19:58:06.546 [main] INFO  o.a.c.core.ContainerBase.[Tomcat].[localhost].[/] - Initializing Spring embedded WebApplicationContext
2025-09-20 19:58:06.546 [main] INFO  o.s.b.w.s.c.ServletWebServerApplicationContext - Root WebApplicationContext: initialization completed in 1017 ms
2025-09-20 19:58:06.725 [main] INFO  com.zaxxer.hikari.HikariDataSource - HikariPool-1 - Starting...
2025-09-20 19:58:06.934 [main] INFO  com.zaxxer.hikari.pool.HikariPool - HikariPool-1 - Added connection com.mysql.cj.jdbc.ConnectionImpl@3d6778d5
2025-09-20 19:58:06.935 [main] INFO  com.zaxxer.hikari.HikariDataSource - HikariPool-1 - Start completed.
2025-09-20 19:58:07.763 [main] INFO  org.apache.coyote.http11.Http11NioProtocol - Starting ProtocolHandler ["http-nio-9090"]
2025-09-20 19:58:07.776 [main] INFO  o.s.boot.web.embedded.tomcat.TomcatWebServer - Tomcat started on port 9090 (http) with context path '/'
2025-09-20 19:58:07.782 [main] INFO  fun.sast.ApprovalApplication - Started ApprovalApplication in 2.683 seconds (process running for 3.199)
2025-09-20 19:58:07.783 [main] INFO  fun.sast.ApprovalApplication - server started
2025-09-20 19:58:14.396 [http-nio-9090-exec-3] INFO  o.a.c.core.ContainerBase.[Tomcat].[localhost].[/] - Initializing Spring DispatcherServlet 'dispatcherServlet'
2025-09-20 19:58:14.396 [http-nio-9090-exec-3] INFO  org.springframework.web.servlet.DispatcherServlet - Initializing Servlet 'dispatcherServlet'
2025-09-20 19:58:14.397 [http-nio-9090-exec-3] INFO  org.springframework.web.servlet.DispatcherServlet - Completed initialization in 0 ms
2025-09-20 19:58:14.466 [http-nio-9090-exec-3] DEBUG fun.sast.mapper.UserMapper.selectList - ==>  Preparing: SELECT id,dep_id,name,code,password,role,major,contact,create_time,update_time,create_user,update_user,salt FROM user WHERE (code = ?)
2025-09-20 19:58:14.479 [http-nio-9090-exec-3] DEBUG fun.sast.mapper.UserMapper.selectList - ==> Parameters: admin(String)
2025-09-20 19:58:14.499 [http-nio-9090-exec-3] DEBUG fun.sast.mapper.UserMapper.selectList - <==      Total: 1
2025-09-20 19:58:14.513 [http-nio-9090-exec-3] DEBUG fun.sast.mapper.CompetitionMapper.selectById - ==>  Preparing: SELECT id,cover,introduce,is_review,max_team_members,min_team_members,name,reg_begin_time,reg_end_time,review_begin_time,review_end_time,review_settings,submit_begin_time,submit_end_time,`table`,type,user_code,create_time,update_time,create_user,update_user FROM competition WHERE id=?
2025-09-20 19:58:14.514 [http-nio-9090-exec-3] DEBUG fun.sast.mapper.CompetitionMapper.selectById - ==> Parameters: 1(Long)
2025-09-20 19:58:14.516 [http-nio-9090-exec-3] DEBUG fun.sast.mapper.CompetitionMapper.selectById - <==      Total: 1
2025-09-20 19:58:14.518 [http-nio-9090-exec-3] DEBUG fun.sast.mapper.TeamMapper.selectList - ==>  Preparing: SELECT id,com_id,name,captain,member,teacher,create_user,update_user,create_time,update_time FROM team WHERE (com_id = ? AND captain = ?)
2025-09-20 19:58:14.518 [http-nio-9090-exec-3] DEBUG fun.sast.mapper.TeamMapper.selectList - ==> Parameters: 1(Long), admin(String)
2025-09-20 19:58:14.520 [http-nio-9090-exec-3] DEBUG fun.sast.mapper.TeamMapper.selectList - <==      Total: 1
2025-09-20 19:58:14.583 [http-nio-9090-exec-3] INFO  fun.sast.service.impl.UserServiceImpl - 用户 9 查询比赛 1 的报名信息成功
2025-09-20 19:59:24.385 [http-nio-9090-exec-6] DEBUG fun.sast.mapper.UserMapper.selectList - ==>  Preparing: SELECT id,dep_id,name,code,password,role,major,contact,create_time,update_time,create_user,update_user,salt FROM user WHERE (code = ?)
2025-09-20 19:59:24.385 [http-nio-9090-exec-6] DEBUG fun.sast.mapper.UserMapper.selectList - ==> Parameters: admin(String)
2025-09-20 19:59:24.387 [http-nio-9090-exec-6] DEBUG fun.sast.mapper.UserMapper.selectList - <==      Total: 1
2025-09-20 19:59:39.198 [http-nio-9090-exec-8] DEBUG fun.sast.mapper.UserMapper.selectList - ==>  Preparing: SELECT id,dep_id,name,code,password,role,major,contact,create_time,update_time,create_user,update_user,salt FROM user WHERE (code = ?)
2025-09-20 19:59:39.199 [http-nio-9090-exec-8] DEBUG fun.sast.mapper.UserMapper.selectList - ==> Parameters: admin(String)
2025-09-20 19:59:39.200 [http-nio-9090-exec-8] DEBUG fun.sast.mapper.UserMapper.selectList - <==      Total: 1
2025-09-20 19:59:39.200 [http-nio-9090-exec-8] DEBUG fun.sast.mapper.CompetitionMapper.selectById - ==>  Preparing: SELECT id,cover,introduce,is_review,max_team_members,min_team_members,name,reg_begin_time,reg_end_time,review_begin_time,review_end_time,review_settings,submit_begin_time,submit_end_time,`table`,type,user_code,create_time,update_time,create_user,update_user FROM competition WHERE id=?
2025-09-20 19:59:39.200 [http-nio-9090-exec-8] DEBUG fun.sast.mapper.CompetitionMapper.selectById - ==> Parameters: 1(Long)
2025-09-20 19:59:39.203 [http-nio-9090-exec-8] DEBUG fun.sast.mapper.CompetitionMapper.selectById - <==      Total: 1
2025-09-20 19:59:39.203 [http-nio-9090-exec-8] DEBUG fun.sast.mapper.TeamMapper.selectList - ==>  Preparing: SELECT id,com_id,name,captain,member,teacher,create_user,update_user,create_time,update_time FROM team WHERE (com_id = ? AND captain = ?)
2025-09-20 19:59:39.203 [http-nio-9090-exec-8] DEBUG fun.sast.mapper.TeamMapper.selectList - ==> Parameters: 1(Long), admin(String)
2025-09-20 19:59:39.206 [http-nio-9090-exec-8] DEBUG fun.sast.mapper.TeamMapper.selectList - <==      Total: 1
2025-09-20 19:59:39.206 [http-nio-9090-exec-8] INFO  fun.sast.service.impl.UserServiceImpl - 用户 9 查询比赛 1 的团队信息成功
2025-09-20 20:02:01.370 [http-nio-9090-exec-10] DEBUG fun.sast.mapper.UserMapper.selectList - ==>  Preparing: SELECT id,dep_id,name,code,password,role,major,contact,create_time,update_time,create_user,update_user,salt FROM user WHERE (code = ?)
2025-09-20 20:02:01.372 [http-nio-9090-exec-10] DEBUG fun.sast.mapper.UserMapper.selectList - ==> Parameters: admin(String)
2025-09-20 20:02:01.373 [http-nio-9090-exec-10] DEBUG fun.sast.mapper.UserMapper.selectList - <==      Total: 1
2025-09-20 20:02:01.375 [http-nio-9090-exec-10] DEBUG fun.sast.mapper.CompetitionMapper.selectById - ==>  Preparing: SELECT id,cover,introduce,is_review,max_team_members,min_team_members,name,reg_begin_time,reg_end_time,review_begin_time,review_end_time,review_settings,submit_begin_time,submit_end_time,`table`,type,user_code,create_time,update_time,create_user,update_user FROM competition WHERE id=?
2025-09-20 20:02:01.376 [http-nio-9090-exec-10] DEBUG fun.sast.mapper.CompetitionMapper.selectById - ==> Parameters: 1(Long)
2025-09-20 20:02:01.377 [http-nio-9090-exec-10] DEBUG fun.sast.mapper.CompetitionMapper.selectById - <==      Total: 1
2025-09-20 20:02:01.378 [http-nio-9090-exec-10] DEBUG fun.sast.mapper.TeamMapper.selectList - ==>  Preparing: SELECT id,com_id,name,captain,member,teacher,create_user,update_user,create_time,update_time FROM team WHERE (com_id = ? AND captain = ?)
2025-09-20 20:02:01.379 [http-nio-9090-exec-10] DEBUG fun.sast.mapper.TeamMapper.selectList - ==> Parameters: 1(Long), admin(String)
2025-09-20 20:02:01.381 [http-nio-9090-exec-10] DEBUG fun.sast.mapper.TeamMapper.selectList - <==      Total: 1
2025-09-20 20:02:01.382 [http-nio-9090-exec-10] INFO  fun.sast.service.impl.UserServiceImpl - 用户 9 查询比赛 1 的团队信息成功
2025-09-20 20:02:08.926 [SpringApplicationShutdownHook] INFO  o.s.boot.web.embedded.tomcat.GracefulShutdown - Commencing graceful shutdown. Waiting for active requests to complete
2025-09-20 20:02:08.932 [tomcat-shutdown] INFO  o.s.boot.web.embedded.tomcat.GracefulShutdown - Graceful shutdown complete
2025-09-20 20:02:08.949 [SpringApplicationShutdownHook] INFO  com.zaxxer.hikari.HikariDataSource - HikariPool-1 - Shutdown initiated...
2025-09-20 20:02:08.952 [SpringApplicationShutdownHook] INFO  com.zaxxer.hikari.HikariDataSource - HikariPool-1 - Shutdown completed.
2025-09-20 20:02:14.690 [main] INFO  fun.sast.ApprovalApplication - Starting ApprovalApplication using Java 23.0.2 with PID 34208 (D:\soc\approval-system-backend\approval-server\target\classes started by Josda in D:\soc\approval-system-backend)
2025-09-20 20:02:14.690 [main] DEBUG fun.sast.ApprovalApplication - Running with Spring Boot v3.5.3, Spring v6.2.8
2025-09-20 20:02:14.691 [main] INFO  fun.sast.ApprovalApplication - No active profile set, falling back to 1 default profile: "default"
2025-09-20 20:02:15.183 [main] INFO  o.s.d.r.config.RepositoryConfigurationDelegate - Multiple Spring Data modules found, entering strict repository configuration mode
2025-09-20 20:02:15.185 [main] INFO  o.s.d.r.config.RepositoryConfigurationDelegate - Bootstrapping Spring Data Redis repositories in DEFAULT mode.
2025-09-20 20:02:15.212 [main] INFO  o.s.d.r.config.RepositoryConfigurationDelegate - Finished Spring Data repository scanning in 18 ms. Found 0 Redis repository interfaces.
2025-09-20 20:02:15.638 [main] INFO  o.s.boot.web.embedded.tomcat.TomcatWebServer - Tomcat initialized with port 9090 (http)
2025-09-20 20:02:15.646 [main] INFO  org.apache.coyote.http11.Http11NioProtocol - Initializing ProtocolHandler ["http-nio-9090"]
2025-09-20 20:02:15.647 [main] INFO  org.apache.catalina.core.StandardService - Starting service [Tomcat]
2025-09-20 20:02:15.647 [main] INFO  org.apache.catalina.core.StandardEngine - Starting Servlet engine: [Apache Tomcat/10.1.42]
2025-09-20 20:02:15.715 [main] INFO  o.a.c.core.ContainerBase.[Tomcat].[localhost].[/] - Initializing Spring embedded WebApplicationContext
2025-09-20 20:02:15.715 [main] INFO  o.s.b.w.s.c.ServletWebServerApplicationContext - Root WebApplicationContext: initialization completed in 967 ms
2025-09-20 20:02:15.942 [main] INFO  com.zaxxer.hikari.HikariDataSource - HikariPool-1 - Starting...
2025-09-20 20:02:16.165 [main] INFO  com.zaxxer.hikari.pool.HikariPool - HikariPool-1 - Added connection com.mysql.cj.jdbc.ConnectionImpl@5d6b42cf
2025-09-20 20:02:16.165 [main] INFO  com.zaxxer.hikari.HikariDataSource - HikariPool-1 - Start completed.
2025-09-20 20:02:17.642 [main] INFO  org.apache.coyote.http11.Http11NioProtocol - Starting ProtocolHandler ["http-nio-9090"]
2025-09-20 20:02:17.658 [main] INFO  o.s.boot.web.embedded.tomcat.TomcatWebServer - Tomcat started on port 9090 (http) with context path '/'
2025-09-20 20:02:17.664 [main] INFO  fun.sast.ApprovalApplication - Started ApprovalApplication in 3.388 seconds (process running for 3.931)
2025-09-20 20:02:17.667 [main] INFO  fun.sast.ApprovalApplication - server started
2025-09-20 20:02:21.866 [http-nio-9090-exec-1] INFO  o.a.c.core.ContainerBase.[Tomcat].[localhost].[/] - Initializing Spring DispatcherServlet 'dispatcherServlet'
2025-09-20 20:02:21.866 [http-nio-9090-exec-1] INFO  org.springframework.web.servlet.DispatcherServlet - Initializing Servlet 'dispatcherServlet'
2025-09-20 20:02:21.866 [http-nio-9090-exec-1] INFO  org.springframework.web.servlet.DispatcherServlet - Completed initialization in 0 ms
2025-09-20 20:02:21.943 [http-nio-9090-exec-1] DEBUG fun.sast.mapper.UserMapper.selectList - ==>  Preparing: SELECT id,dep_id,name,code,password,role,major,contact,create_time,update_time,create_user,update_user,salt FROM user WHERE (code = ?)
2025-09-20 20:02:21.957 [http-nio-9090-exec-1] DEBUG fun.sast.mapper.UserMapper.selectList - ==> Parameters: admin(String)
2025-09-20 20:02:21.975 [http-nio-9090-exec-1] DEBUG fun.sast.mapper.UserMapper.selectList - <==      Total: 1
2025-09-20 20:02:21.989 [http-nio-9090-exec-1] DEBUG fun.sast.mapper.CompetitionMapper.selectById - ==>  Preparing: SELECT id,cover,introduce,is_review,max_team_members,min_team_members,name,reg_begin_time,reg_end_time,review_begin_time,review_end_time,review_settings,submit_begin_time,submit_end_time,`table`,type,user_code,create_time,update_time,create_user,update_user FROM competition WHERE id=?
2025-09-20 20:02:21.990 [http-nio-9090-exec-1] DEBUG fun.sast.mapper.CompetitionMapper.selectById - ==> Parameters: 1(Long)
2025-09-20 20:02:21.994 [http-nio-9090-exec-1] DEBUG fun.sast.mapper.CompetitionMapper.selectById - <==      Total: 1
2025-09-20 20:02:21.995 [http-nio-9090-exec-1] DEBUG fun.sast.mapper.TeamMapper.selectList - ==>  Preparing: SELECT id,com_id,name,captain,member,teacher,create_user,update_user,create_time,update_time FROM team WHERE (com_id = ? AND captain = ?)
2025-09-20 20:02:21.995 [http-nio-9090-exec-1] DEBUG fun.sast.mapper.TeamMapper.selectList - ==> Parameters: 1(Long), admin(String)
2025-09-20 20:02:21.996 [http-nio-9090-exec-1] DEBUG fun.sast.mapper.TeamMapper.selectList - <==      Total: 1
2025-09-20 20:02:22.069 [http-nio-9090-exec-1] INFO  fun.sast.service.impl.UserServiceImpl - 用户 9 查询比赛 1 的团队信息成功
2025-09-20 20:08:44.974 [SpringApplicationShutdownHook] INFO  o.s.boot.web.embedded.tomcat.GracefulShutdown - Commencing graceful shutdown. Waiting for active requests to complete
2025-09-20 20:08:44.978 [tomcat-shutdown] INFO  o.s.boot.web.embedded.tomcat.GracefulShutdown - Graceful shutdown complete
2025-09-20 20:08:44.991 [SpringApplicationShutdownHook] INFO  com.zaxxer.hikari.HikariDataSource - HikariPool-1 - Shutdown initiated...
2025-09-20 20:08:44.997 [SpringApplicationShutdownHook] INFO  com.zaxxer.hikari.HikariDataSource - HikariPool-1 - Shutdown completed.
2025-09-20 20:08:50.764 [main] INFO  fun.sast.ApprovalApplication - Starting ApprovalApplication using Java 23.0.2 with PID 26788 (D:\soc\approval-system-backend\approval-server\target\classes started by Josda in D:\soc\approval-system-backend)
2025-09-20 20:08:50.766 [main] DEBUG fun.sast.ApprovalApplication - Running with Spring Boot v3.5.3, Spring v6.2.8
2025-09-20 20:08:50.766 [main] INFO  fun.sast.ApprovalApplication - No active profile set, falling back to 1 default profile: "default"
2025-09-20 20:08:51.288 [main] INFO  o.s.d.r.config.RepositoryConfigurationDelegate - Multiple Spring Data modules found, entering strict repository configuration mode
2025-09-20 20:08:51.290 [main] INFO  o.s.d.r.config.RepositoryConfigurationDelegate - Bootstrapping Spring Data Redis repositories in DEFAULT mode.
2025-09-20 20:08:51.319 [main] INFO  o.s.d.r.config.RepositoryConfigurationDelegate - Finished Spring Data repository scanning in 17 ms. Found 0 Redis repository interfaces.
2025-09-20 20:08:51.870 [main] INFO  o.s.boot.web.embedded.tomcat.TomcatWebServer - Tomcat initialized with port 9090 (http)
2025-09-20 20:08:51.882 [main] INFO  org.apache.coyote.http11.Http11NioProtocol - Initializing ProtocolHandler ["http-nio-9090"]
2025-09-20 20:08:51.883 [main] INFO  org.apache.catalina.core.StandardService - Starting service [Tomcat]
2025-09-20 20:08:51.883 [main] INFO  org.apache.catalina.core.StandardEngine - Starting Servlet engine: [Apache Tomcat/10.1.42]
2025-09-20 20:08:51.951 [main] INFO  o.a.c.core.ContainerBase.[Tomcat].[localhost].[/] - Initializing Spring embedded WebApplicationContext
2025-09-20 20:08:51.952 [main] INFO  o.s.b.w.s.c.ServletWebServerApplicationContext - Root WebApplicationContext: initialization completed in 1129 ms
2025-09-20 20:08:52.222 [main] INFO  com.zaxxer.hikari.HikariDataSource - HikariPool-1 - Starting...
2025-09-20 20:08:52.525 [main] INFO  com.zaxxer.hikari.pool.HikariPool - HikariPool-1 - Added connection com.mysql.cj.jdbc.ConnectionImpl@4449a60b
2025-09-20 20:08:52.526 [main] INFO  com.zaxxer.hikari.HikariDataSource - HikariPool-1 - Start completed.
2025-09-20 20:08:53.492 [main] INFO  org.apache.coyote.http11.Http11NioProtocol - Starting ProtocolHandler ["http-nio-9090"]
2025-09-20 20:08:53.505 [main] INFO  o.s.boot.web.embedded.tomcat.TomcatWebServer - Tomcat started on port 9090 (http) with context path '/'
2025-09-20 20:08:53.510 [main] INFO  fun.sast.ApprovalApplication - Started ApprovalApplication in 3.213 seconds (process running for 3.801)
2025-09-20 20:08:53.514 [main] INFO  fun.sast.ApprovalApplication - server started
2025-09-20 20:08:56.610 [http-nio-9090-exec-1] INFO  o.a.c.core.ContainerBase.[Tomcat].[localhost].[/] - Initializing Spring DispatcherServlet 'dispatcherServlet'
2025-09-20 20:08:56.610 [http-nio-9090-exec-1] INFO  org.springframework.web.servlet.DispatcherServlet - Initializing Servlet 'dispatcherServlet'
2025-09-20 20:08:56.611 [http-nio-9090-exec-1] INFO  org.springframework.web.servlet.DispatcherServlet - Completed initialization in 1 ms
2025-09-20 20:08:56.699 [http-nio-9090-exec-1] DEBUG fun.sast.mapper.UserMapper.selectList - ==>  Preparing: SELECT id,dep_id,name,code,password,role,major,contact,create_time,update_time,create_user,update_user,salt FROM user WHERE (code = ?)
2025-09-20 20:08:56.714 [http-nio-9090-exec-1] DEBUG fun.sast.mapper.UserMapper.selectList - ==> Parameters: admin(String)
2025-09-20 20:08:56.737 [http-nio-9090-exec-1] DEBUG fun.sast.mapper.UserMapper.selectList - <==      Total: 1
2025-09-20 20:08:56.754 [http-nio-9090-exec-1] INFO  fun.sast.service.impl.UserServiceImpl - 查询比赛详情: 比赛ID=1
2025-09-20 20:08:56.755 [http-nio-9090-exec-1] DEBUG fun.sast.mapper.CompetitionMapper.selectById - ==>  Preparing: SELECT id,cover,introduce,is_review,max_team_members,min_team_members,name,reg_begin_time,reg_end_time,review_begin_time,review_end_time,review_settings,submit_begin_time,submit_end_time,`table`,type,user_code,create_time,update_time,create_user,update_user FROM competition WHERE id=?
2025-09-20 20:08:56.755 [http-nio-9090-exec-1] DEBUG fun.sast.mapper.CompetitionMapper.selectById - ==> Parameters: 1(String)
2025-09-20 20:08:56.758 [http-nio-9090-exec-1] DEBUG fun.sast.mapper.CompetitionMapper.selectById - <==      Total: 1
2025-09-20 20:08:56.759 [http-nio-9090-exec-1] INFO  fun.sast.service.impl.UserServiceImpl - 查询比赛详情成功: 比赛ID=1, 比赛名称=全国大学生科技创新大赛
2025-09-20 20:12:40.898 [SpringApplicationShutdownHook] INFO  o.s.boot.web.embedded.tomcat.GracefulShutdown - Commencing graceful shutdown. Waiting for active requests to complete
2025-09-20 20:12:40.907 [tomcat-shutdown] INFO  o.s.boot.web.embedded.tomcat.GracefulShutdown - Graceful shutdown complete
2025-09-20 20:12:40.922 [SpringApplicationShutdownHook] INFO  com.zaxxer.hikari.HikariDataSource - HikariPool-1 - Shutdown initiated...
2025-09-20 20:12:40.926 [SpringApplicationShutdownHook] INFO  com.zaxxer.hikari.HikariDataSource - HikariPool-1 - Shutdown completed.
2025-09-20 20:33:58.297 [main] INFO  fun.sast.ApprovalApplication - Starting ApprovalApplication using Java 23.0.2 with PID 11232 (D:\soc\approval-system-backend\approval-server\target\classes started by Josda in D:\soc\approval-system-backend)
2025-09-20 20:33:58.298 [main] DEBUG fun.sast.ApprovalApplication - Running with Spring Boot v3.5.3, Spring v6.2.8
2025-09-20 20:33:58.298 [main] INFO  fun.sast.ApprovalApplication - No active profile set, falling back to 1 default profile: "default"
2025-09-20 20:33:58.861 [main] INFO  o.s.d.r.config.RepositoryConfigurationDelegate - Multiple Spring Data modules found, entering strict repository configuration mode
2025-09-20 20:33:58.863 [main] INFO  o.s.d.r.config.RepositoryConfigurationDelegate - Bootstrapping Spring Data Redis repositories in DEFAULT mode.
2025-09-20 20:33:58.893 [main] INFO  o.s.d.r.config.RepositoryConfigurationDelegate - Finished Spring Data repository scanning in 18 ms. Found 0 Redis repository interfaces.
2025-09-20 20:33:59.419 [main] INFO  o.s.boot.web.embedded.tomcat.TomcatWebServer - Tomcat initialized with port 9090 (http)
2025-09-20 20:33:59.428 [main] INFO  org.apache.coyote.http11.Http11NioProtocol - Initializing ProtocolHandler ["http-nio-9090"]
2025-09-20 20:33:59.429 [main] INFO  org.apache.catalina.core.StandardService - Starting service [Tomcat]
2025-09-20 20:33:59.429 [main] INFO  org.apache.catalina.core.StandardEngine - Starting Servlet engine: [Apache Tomcat/10.1.42]
2025-09-20 20:33:59.506 [main] INFO  o.a.c.core.ContainerBase.[Tomcat].[localhost].[/] - Initializing Spring embedded WebApplicationContext
2025-09-20 20:33:59.506 [main] INFO  o.s.b.w.s.c.ServletWebServerApplicationContext - Root WebApplicationContext: initialization completed in 1156 ms
2025-09-20 20:33:59.732 [main] INFO  com.zaxxer.hikari.HikariDataSource - HikariPool-1 - Starting...
2025-09-20 20:34:00.046 [main] INFO  com.zaxxer.hikari.pool.HikariPool - HikariPool-1 - Added connection com.mysql.cj.jdbc.ConnectionImpl@370225c7
2025-09-20 20:34:00.046 [main] INFO  com.zaxxer.hikari.HikariDataSource - HikariPool-1 - Start completed.
2025-09-20 20:34:01.030 [main] INFO  org.apache.coyote.http11.Http11NioProtocol - Starting ProtocolHandler ["http-nio-9090"]
2025-09-20 20:34:01.042 [main] INFO  o.s.boot.web.embedded.tomcat.TomcatWebServer - Tomcat started on port 9090 (http) with context path '/'
2025-09-20 20:34:01.048 [main] INFO  fun.sast.ApprovalApplication - Started ApprovalApplication in 3.226 seconds (process running for 3.864)
2025-09-20 20:34:01.050 [main] INFO  fun.sast.ApprovalApplication - server started
